Date,Description,Amount,Transaction_Type,Category,Account_Name
2024-01-01,Transfer Ortu,2612326.0,INCOME,Gaji,BCA
2024-01-01,Game,8721.0,EXPENSE,Hiburan,Gopay
2024-01-01,Indomaret,21615.0,EXPENSE,Belanja,Dompet Tunai
2024-01-01,GoFood,39815.0,EXPENSE,Makan & Minum,Gopay
2024-01-01,Kopi Kenangan,25636.0,EXPENSE,Makan & Minum,BCA
2024-01-01,Kopi Kenangan,76933.0,EXPENSE,Makan & Minum,Gopay
2024-01-01,Pertamax,28371.0,EXPENSE,Tagihan,Gopay
2024-01-01,Tokopedia,109331.0,EXPENSE,Belanja,BCA
2024-01-01,Bayar Kost,460562.0,EXPENSE,Tagihan,Dompet Tunai
2024-01-01,Beasiswa,874375.0,INCOME,Gaji,Gopay
2024-01-01,KFC,15531.0,EXPENSE,Makan & Minum,OVO
2024-01-01,KFC,15596.0,EXPENSE,Makan & Minum,Gopay
2024-01-01,GoFood,32844.0,EXPENSE,Makan & Minum,OVO
2024-01-01,Alfamart,28571.0,EXPENSE,Belanja,BCA
2024-01-01,Bensin,38984.0,EXPENSE,Tagihan,Dompet Tunai
2024-01-02,Starbucks,39561.0,EXPENSE,Makan & Minum,BCA
2024-01-02,Kopi Kenangan,38658.0,EXPENSE,Makan & Minum,Gopay
2024-01-02,Pizza,31143.0,EXPENSE,Makan & Minum,OVO
2024-01-02,Kiriman Papa,1653315.0,INCOME,Gaji,Gopay
2024-01-02,Bayar Kost,1109165.0,EXPENSE,Tagihan,BCA
2024-01-02,GoFood,71892.0,EXPENSE,Makan & Minum,OVO
2024-01-02,Uang Saku,1202248.0,INCOME,Gaji,Gopay
2024-01-02,Warung Nasi,13123.0,EXPENSE,Makan & Minum,Gopay
2024-01-02,Bubble Tea,27573.0,EXPENSE,Makan & Minum,OVO
2024-01-02,Sewa Bulanan,593123.0,EXPENSE,Tagihan,Dompet Tunai
2024-01-02,Bakmi,57868.0,EXPENSE,Makan & Minum,Gopay
2024-01-02,Sewa Bulanan,1091917.0,EXPENSE,Tagihan,Dompet Tunai
2024-01-02,Isi BBM,44869.0,EXPENSE,Tagihan,Gopay
2024-01-03,Starbucks,32732.0,EXPENSE,Makan & Minum,OVO
2024-01-03,Sushi,31619.0,EXPENSE,Makan & Minum,OVO
2024-01-03,Bensin,25082.0,EXPENSE,Tagihan,Gopay
2024-01-03,Parkir,2775.0,EXPENSE,Lain-lain,Dompet Tunai
2024-01-03,Gorengan,29955.0,EXPENSE,Makan & Minum,BCA
2024-01-03,Bakmi,30987.0,EXPENSE,Makan & Minum,OVO
2024-01-03,Bubble Tea,18253.0,EXPENSE,Makan & Minum,Gopay
2024-01-03,GoFood,29036.0,EXPENSE,Makan & Minum,OVO
2024-01-03,Bensin,33268.0,EXPENSE,Tagihan,Dompet Tunai
2024-01-04,Pertamax,15590.0,EXPENSE,Tagihan,Dompet Tunai
2024-01-04,Bakmi,22787.0,EXPENSE,Makan & Minum,OVO
2024-01-04,Sushi,31030.0,EXPENSE,Makan & Minum,OVO
2024-01-04,Starbucks,48983.0,EXPENSE,Makan & Minum,Gopay
2024-01-04,Aksesoris,68319.0,EXPENSE,Belanja,Gopay
2024-01-04,Bubble Tea,16324.0,EXPENSE,Makan & Minum,Gopay
2024-01-04,GrabFood,16119.0,EXPENSE,Makan & Minum,BCA
2024-01-05,Sushi,43083.0,EXPENSE,Makan & Minum,OVO
2024-01-05,Starbucks,29395.0,EXPENSE,Makan & Minum,BCA
2024-01-05,Nasi Padang,20604.0,EXPENSE,Makan & Minum,OVO
2024-01-05,Parkir,4027.0,EXPENSE,Lain-lain,Gopay
2024-01-05,Nasi Bungkus,13852.0,EXPENSE,Makan & Minum,Gopay
2024-01-05,Warung Nasi,5357.0,EXPENSE,Makan & Minum,Gopay
2024-01-05,Kopi Kekinian,20255.0,EXPENSE,Makan & Minum,OVO
2024-01-05,Tokopedia,82327.0,EXPENSE,Belanja,BCA
2024-01-05,Nasi Padang,19386.0,EXPENSE,Makan & Minum,OVO
2024-01-06,Warung Makan,20028.0,EXPENSE,Makan & Minum,Gopay
2024-01-06,Sushi,55856.0,EXPENSE,Makan & Minum,Dana
2024-01-06,Warung Makan,36590.0,EXPENSE,Makan & Minum,OVO
2024-01-06,Shopee,87795.0,EXPENSE,Belanja,OVO
2024-01-06,Warung Makan,17291.0,EXPENSE,Makan & Minum,BCA
2024-01-07,Kopi Kenangan,36450.0,EXPENSE,Makan & Minum,Dana
2024-01-07,Aksesoris,40368.0,EXPENSE,Belanja,OVO
2024-01-07,Indomaret,10292.0,EXPENSE,Belanja,Gopay
2024-01-07,Warung Makan,29394.0,EXPENSE,Makan & Minum,Gopay
2024-01-07,Game,6401.0,EXPENSE,Hiburan,Gopay
2024-01-08,Top Up ML,49297.0,EXPENSE,Hiburan,Gopay
2024-01-08,GoFood,24772.0,EXPENSE,Makan & Minum,BCA
2024-01-08,Warung Makan,73140.0,EXPENSE,Makan & Minum,Gopay
2024-01-08,Skincare,21427.0,EXPENSE,Belanja,BCA
2024-01-08,ATM,10434.0,EXPENSE,Lain-lain,Gopay
2024-01-08,Warteg,6490.0,EXPENSE,Makan & Minum,BCA
2024-01-08,Ongkos,14310.0,EXPENSE,Lain-lain,Gopay
2024-01-08,Print Tugas,10299.0,EXPENSE,Lain-lain,Gopay
2024-01-08,Warung Makan,28484.0,EXPENSE,Makan & Minum,Gopay
2024-01-08,Isi BBM,35080.0,EXPENSE,Tagihan,Dompet Tunai
2024-01-08,Kantin,5369.0,EXPENSE,Makan & Minum,Dompet Tunai
2024-01-09,KFC,27132.0,EXPENSE,Makan & Minum,OVO
2024-01-09,Nasi Padang,33937.0,EXPENSE,Makan & Minum,BCA
2024-01-09,Nasi Bungkus,12937.0,EXPENSE,Makan & Minum,Gopay
2024-01-09,Bensin,43588.0,EXPENSE,Tagihan,Gopay
2024-01-09,Bakmi,20897.0,EXPENSE,Makan & Minum,Gopay
2024-01-09,Nasi Padang,25654.0,EXPENSE,Makan & Minum,Gopay
2024-01-10,Isi BBM,31924.0,EXPENSE,Tagihan,Gopay
2024-01-10,Pizza,32992.0,EXPENSE,Makan & Minum,Gopay
2024-01-10,Aksesoris,68644.0,EXPENSE,Belanja,Gopay
2024-01-10,GrabFood,37561.0,EXPENSE,Makan & Minum,OVO
2024-01-10,Starbucks,27117.0,EXPENSE,Makan & Minum,Gopay
2024-01-10,Netflix,90174.0,EXPENSE,Tagihan,Gopay
2024-01-10,Karaoke,142827.0,EXPENSE,Hiburan,Gopay
2024-01-10,Paket Data,72280.0,EXPENSE,Tagihan,Gopay
2024-01-10,Es Teh,7206.0,EXPENSE,Makan & Minum,BCA
2024-01-10,Kopi Kenangan,37930.0,EXPENSE,Makan & Minum,OVO
2024-01-11,Parkir,3854.0,EXPENSE,Lain-lain,Dompet Tunai
2024-01-11,Netflix,66059.0,EXPENSE,Hiburan,BCA
2024-01-11,KFC,31150.0,EXPENSE,Makan & Minum,Gopay
2024-01-11,Pizza,29467.0,EXPENSE,Makan & Minum,Gopay
2024-01-11,Nasi Bungkus,6412.0,EXPENSE,Makan & Minum,BCA
2024-01-11,Mie Instan,10931.0,EXPENSE,Makan & Minum,BCA
2024-01-11,Es Teh,6373.0,EXPENSE,Makan & Minum,BCA
2024-01-11,Nasi Padang,34574.0,EXPENSE,Makan & Minum,Dana
2024-01-11,Nasi Padang,26780.0,EXPENSE,Makan & Minum,Dana
2024-01-11,Sushi,68510.0,EXPENSE,Makan & Minum,OVO
2024-01-11,Pertamax,35172.0,EXPENSE,Tagihan,Gopay
2024-01-12,KFC,20571.0,EXPENSE,Makan & Minum,Gopay
2024-01-12,Pertamax,31958.0,EXPENSE,Tagihan,Gopay
2024-01-12,Isi BBM,26449.0,EXPENSE,Tagihan,Dompet Tunai
2024-01-12,Kopi Kenangan,54533.0,EXPENSE,Makan & Minum,Gopay
2024-01-12,Starbucks,38681.0,EXPENSE,Makan & Minum,Gopay
2024-01-12,Bubble Tea,51105.0,EXPENSE,Makan & Minum,Gopay
2024-01-12,Pizza,42608.0,EXPENSE,Makan & Minum,Gopay
2024-01-12,Es Teh,11124.0,EXPENSE,Makan & Minum,BCA
2024-01-12,Game,7018.0,EXPENSE,Hiburan,BCA
2024-01-12,ATM,9718.0,EXPENSE,Lain-lain,Dompet Tunai
2024-01-12,Kopi Kenangan,21743.0,EXPENSE,Makan & Minum,Dana
2024-01-13,McDonalds,34706.0,EXPENSE,Makan & Minum,BCA
2024-01-13,GrabFood,51042.0,EXPENSE,Makan & Minum,Gopay
2024-01-13,Kantin,11924.0,EXPENSE,Makan & Minum,BCA
2024-01-13,Nasi Bungkus,10231.0,EXPENSE,Makan & Minum,BCA
2024-01-13,Print Tugas,11324.0,EXPENSE,Lain-lain,Gopay
2024-01-14,Clubbing,111070.0,EXPENSE,Hiburan,BCA
2024-01-14,Nasi Padang,36897.0,EXPENSE,Makan & Minum,BCA
2024-01-14,Starbucks,32394.0,EXPENSE,Makan & Minum,Dana
2024-01-14,Netflix,85371.0,EXPENSE,Hiburan,OVO
2024-01-14,Bubble Tea,25844.0,EXPENSE,Makan & Minum,Gopay
2024-01-14,Baju,21809.0,EXPENSE,Belanja,Gopay
2024-01-14,Parkir,10778.0,EXPENSE,Lain-lain,Gopay
2024-01-14,KFC,18798.0,EXPENSE,Makan & Minum,Gopay
2024-01-14,Print Tugas,4495.0,EXPENSE,Lain-lain,Gopay
2024-01-15,Fotokopi,2838.0,EXPENSE,Lain-lain,Dompet Tunai
2024-01-15,Dana Darurat,149845.0,INCOME,Goals,BCA
2024-01-15,Gaji Part Time,1318730.0,INCOME,Gaji,BCA
2024-01-15,Sushi,44212.0,EXPENSE,Makan & Minum,OVO
2024-01-15,GoFood,37077.0,EXPENSE,Makan & Minum,Dana
2024-01-15,Nasi Padang,33383.0,EXPENSE,Makan & Minum,Dana
2024-01-15,Pertamax,42503.0,EXPENSE,Tagihan,Dompet Tunai
2024-01-15,Karaoke,151720.0,EXPENSE,Hiburan,Dana
2024-01-15,Bensin,43434.0,EXPENSE,Tagihan,Dompet Tunai
2024-01-15,GrabFood,26578.0,EXPENSE,Makan & Minum,OVO
2024-01-15,Warung Makan,61295.0,EXPENSE,Makan & Minum,BCA
2024-01-15,Bubble Tea,19085.0,EXPENSE,Makan & Minum,Gopay
2024-01-16,Cafe,25568.0,EXPENSE,Makan & Minum,OVO
2024-01-16,Es Teh,6492.0,EXPENSE,Makan & Minum,Dompet Tunai
2024-01-16,Karaoke,85765.0,EXPENSE,Hiburan,Gopay
2024-01-16,GoFood,22910.0,EXPENSE,Makan & Minum,BCA
2024-01-16,Sushi,39756.0,EXPENSE,Makan & Minum,Gopay
2024-01-17,Warung Makan,33673.0,EXPENSE,Makan & Minum,BCA
2024-01-17,Bakmi,25967.0,EXPENSE,Makan & Minum,Dana
2024-01-17,Bensin,38764.0,EXPENSE,Tagihan,Dompet Tunai
2024-01-17,Top Up,6311.0,EXPENSE,Hiburan,Gopay
2024-01-17,Warteg,7514.0,EXPENSE,Makan & Minum,Dompet Tunai
2024-01-17,Kopi Kenangan,21672.0,EXPENSE,Makan & Minum,BCA
2024-01-18,Bakmi,28382.0,EXPENSE,Makan & Minum,OVO
2024-01-18,Sushi,28736.0,EXPENSE,Makan & Minum,Gopay
2024-01-18,Bubble Tea,27097.0,EXPENSE,Makan & Minum,Gopay
2024-01-18,Warung Makan,39281.0,EXPENSE,Makan & Minum,Gopay
2024-01-18,Nasi Padang,28268.0,EXPENSE,Makan & Minum,BCA
2024-01-18,Tokopedia,106835.0,EXPENSE,Belanja,OVO
2024-01-18,Bensin,26206.0,EXPENSE,Tagihan,Dompet Tunai
2024-01-18,Warteg,12214.0,EXPENSE,Makan & Minum,Gopay
2024-01-18,Starbucks,35064.0,EXPENSE,Makan & Minum,OVO
2024-01-19,McDonalds,65845.0,EXPENSE,Makan & Minum,Gopay
2024-01-19,McDonalds,60371.0,EXPENSE,Makan & Minum,Gopay
2024-01-19,Kopi Kekinian,26034.0,EXPENSE,Makan & Minum,OVO
2024-01-19,Bensin,48901.0,EXPENSE,Tagihan,Gopay
2024-01-19,Shampo,8624.0,EXPENSE,Belanja,Gopay
2024-01-19,Warung Nasi,13914.0,EXPENSE,Makan & Minum,Dompet Tunai
2024-01-20,Alat Tulis,6491.0,EXPENSE,Belanja,BCA
2024-01-20,Mie Instan,11320.0,EXPENSE,Makan & Minum,BCA
2024-01-20,Grab Motor,7962.0,EXPENSE,Lain-lain,Gopay
2024-01-20,Kopi Kenangan,74572.0,EXPENSE,Makan & Minum,Dana
2024-01-20,Bakmi,68891.0,EXPENSE,Makan & Minum,OVO
2024-01-20,Shopee,45063.0,EXPENSE,Belanja,OVO
2024-01-20,GrabFood,32980.0,EXPENSE,Makan & Minum,BCA
2024-01-21,Starbucks,67858.0,EXPENSE,Makan & Minum,Dana
2024-01-21,GoFood,48391.0,EXPENSE,Makan & Minum,Gopay
2024-01-21,Warung Makan,27276.0,EXPENSE,Makan & Minum,BCA
2024-01-21,Bubble Tea,15496.0,EXPENSE,Makan & Minum,BCA
2024-01-21,Nasi Padang,72195.0,EXPENSE,Makan & Minum,Gopay
2024-01-22,Sushi,27044.0,EXPENSE,Makan & Minum,BCA
2024-01-22,Sushi,47033.0,EXPENSE,Makan & Minum,BCA
2024-01-22,Pertamax,24066.0,EXPENSE,Tagihan,Dompet Tunai
2024-01-22,Shopee,97186.0,EXPENSE,Belanja,BCA
2024-01-22,KFC,32426.0,EXPENSE,Makan & Minum,Gopay
2024-01-22,Bubble Tea,71738.0,EXPENSE,Makan & Minum,BCA
2024-01-22,Pizza,69887.0,EXPENSE,Makan & Minum,Gopay
2024-01-23,Netflix,64939.0,EXPENSE,Hiburan,BCA
2024-01-23,Kantin,13622.0,EXPENSE,Makan & Minum,Gopay
2024-01-23,Grab Motor,11570.0,EXPENSE,Lain-lain,Gopay
2024-01-23,GrabFood,21623.0,EXPENSE,Makan & Minum,Gopay
2024-01-23,Kopi Kenangan,38503.0,EXPENSE,Makan & Minum,Gopay
2024-01-23,Cafe,22076.0,EXPENSE,Makan & Minum,Dana
2024-01-23,Pertamax,38793.0,EXPENSE,Tagihan,Gopay
2024-01-23,McDonalds,20224.0,EXPENSE,Makan & Minum,Gopay
2024-01-24,Sushi,71075.0,EXPENSE,Makan & Minum,Gopay
2024-01-24,Kopi Kenangan,58783.0,EXPENSE,Makan & Minum,BCA
2024-01-24,Kopi Kekinian,36775.0,EXPENSE,Makan & Minum,Gopay
2024-01-24,Sushi,38281.0,EXPENSE,Makan & Minum,Dana
2024-01-24,Bensin,44395.0,EXPENSE,Tagihan,Dompet Tunai
2024-01-24,Grab Motor,11535.0,EXPENSE,Lain-lain,Gopay
2024-01-24,Grab Motor,2425.0,EXPENSE,Lain-lain,Gopay
2024-01-24,Top Up ML,75331.0,EXPENSE,Hiburan,Dana
2024-01-24,Isi BBM,39555.0,EXPENSE,Tagihan,Dompet Tunai
2024-01-24,Kantin,14275.0,EXPENSE,Makan & Minum,Gopay
2024-01-24,Bubble Tea,33977.0,EXPENSE,Makan & Minum,OVO
2024-01-24,KFC,31130.0,EXPENSE,Makan & Minum,BCA
2024-01-25,Nasi Padang,36401.0,EXPENSE,Makan & Minum,BCA
2024-01-25,Warung Nasi,11967.0,EXPENSE,Makan & Minum,Dompet Tunai
2024-01-25,Kopi Kekinian,61597.0,EXPENSE,Makan & Minum,OVO
2024-01-25,McDonalds,18481.0,EXPENSE,Makan & Minum,BCA
2024-01-25,Indomaret,32866.0,EXPENSE,Belanja,OVO
2024-01-25,Sushi,62887.0,EXPENSE,Makan & Minum,OVO
2024-01-26,Nasi Padang,25223.0,EXPENSE,Makan & Minum,OVO
2024-01-26,Bubble Tea,55618.0,EXPENSE,Makan & Minum,Gopay
2024-01-26,Warung Nasi,7391.0,EXPENSE,Makan & Minum,BCA
2024-01-26,Sushi,38788.0,EXPENSE,Makan & Minum,OVO
2024-01-26,Starbucks,26362.0,EXPENSE,Makan & Minum,Dana
2024-01-26,Starbucks,68401.0,EXPENSE,Makan & Minum,Gopay
2024-01-27,Karaoke,197015.0,EXPENSE,Hiburan,BCA
2024-01-27,Kopi Kenangan,24075.0,EXPENSE,Makan & Minum,Gopay
2024-01-27,Starbucks,32578.0,EXPENSE,Makan & Minum,Gopay
2024-01-27,Kopi Kenangan,30873.0,EXPENSE,Makan & Minum,Dana
2024-01-27,GoFood,54005.0,EXPENSE,Makan & Minum,BCA
2024-01-27,ATM,6992.0,EXPENSE,Lain-lain,Dompet Tunai
2024-01-27,Print Tugas,11442.0,EXPENSE,Lain-lain,Dompet Tunai
2024-01-27,Shampo,16594.0,EXPENSE,Belanja,BCA
2024-01-27,Tokopedia,136728.0,EXPENSE,Belanja,BCA
2024-01-28,GoFood,65039.0,EXPENSE,Makan & Minum,BCA
2024-01-28,Warung Makan,67164.0,EXPENSE,Makan & Minum,BCA
2024-01-28,Karaoke,139271.0,EXPENSE,Hiburan,Gopay
2024-01-28,Gorengan,9643.0,EXPENSE,Makan & Minum,BCA
2024-01-28,Gorengan,5707.0,EXPENSE,Makan & Minum,Dompet Tunai
2024-01-28,Kopi Kenangan,32549.0,EXPENSE,Makan & Minum,Gopay
2024-01-28,Kopi Kenangan,31918.0,EXPENSE,Makan & Minum,OVO
2024-01-28,Karaoke,36700.0,EXPENSE,Hiburan,Dana
2024-01-29,Kopi Kenangan,29730.0,EXPENSE,Makan & Minum,OVO
2024-01-29,Nasi Padang,27505.0,EXPENSE,Makan & Minum,Dana
2024-01-29,Cafe,23596.0,EXPENSE,Makan & Minum,OVO
2024-01-29,Fotokopi,14919.0,EXPENSE,Lain-lain,Dompet Tunai
2024-01-30,Mie Instan,14100.0,EXPENSE,Makan & Minum,BCA
2024-01-30,Top Up ML,186785.0,EXPENSE,Hiburan,OVO
2024-01-30,Warteg,8656.0,EXPENSE,Makan & Minum,BCA
2024-01-30,Warteg,6753.0,EXPENSE,Makan & Minum,Gopay
2024-01-30,Nasi Padang,25957.0,EXPENSE,Makan & Minum,OVO
2024-01-30,KFC,24001.0,EXPENSE,Makan & Minum,OVO
2024-01-31,Nasi Padang,16612.0,EXPENSE,Makan & Minum,Gopay
2024-01-31,Bensin,44128.0,EXPENSE,Tagihan,Gopay
2024-01-31,Kopi Kenangan,47970.0,EXPENSE,Makan & Minum,BCA
2024-01-31,Starbucks,24395.0,EXPENSE,Makan & Minum,BCA
2024-01-31,GoFood,54596.0,EXPENSE,Makan & Minum,Gopay
2024-01-31,Bubble Tea,19690.0,EXPENSE,Makan & Minum,BCA
2024-02-01,Indomaret,40382.0,EXPENSE,Belanja,BCA
2024-02-01,Kiriman Mama,2084215.0,INCOME,Gaji,BCA
2024-02-01,Freelance,1445644.0,INCOME,Gaji,Gopay
2024-02-01,Sushi,25622.0,EXPENSE,Makan & Minum,Gopay
2024-02-01,Bakmi,39075.0,EXPENSE,Makan & Minum,Dana
2024-02-01,Pertamax,26792.0,EXPENSE,Tagihan,Dompet Tunai
2024-02-01,Pertamax,26413.0,EXPENSE,Tagihan,Dompet Tunai
2024-02-01,Warung Makan,35329.0,EXPENSE,Makan & Minum,OVO
2024-02-02,Grab Motor,3764.0,EXPENSE,Lain-lain,Dompet Tunai
2024-02-02,KFC,27065.0,EXPENSE,Makan & Minum,BCA
2024-02-02,GrabFood,52433.0,EXPENSE,Makan & Minum,BCA
2024-02-02,Kopi Kekinian,28583.0,EXPENSE,Makan & Minum,OVO
2024-02-02,Sewa Bulanan,1283908.0,EXPENSE,Tagihan,BCA
2024-02-02,Starbucks,21285.0,EXPENSE,Makan & Minum,Gopay
2024-02-02,Sushi,25061.0,EXPENSE,Makan & Minum,BCA
2024-02-02,Kiriman Ortu,1060970.0,INCOME,Gaji,Gopay
2024-02-02,Grab Motor,3135.0,EXPENSE,Lain-lain,Dompet Tunai
2024-02-02,Mie Instan,9520.0,EXPENSE,Makan & Minum,Gopay
2024-02-02,Gorengan,12098.0,EXPENSE,Makan & Minum,Gopay
2024-02-03,GoFood,23718.0,EXPENSE,Makan & Minum,Gopay
2024-02-03,Starbucks,54866.0,EXPENSE,Makan & Minum,BCA
2024-02-03,Cafe,52744.0,EXPENSE,Makan & Minum,BCA
2024-02-03,Kost,1059048.0,EXPENSE,Tagihan,BCA
2024-02-03,Warung Makan,24406.0,EXPENSE,Makan & Minum,Gopay
2024-02-03,Kopi Kekinian,20565.0,EXPENSE,Makan & Minum,BCA
2024-02-03,Kiriman Papa,2068656.0,INCOME,Gaji,BCA
2024-02-04,Kopi Kenangan,64316.0,EXPENSE,Makan & Minum,Dana
2024-02-04,Nasi Padang,28704.0,EXPENSE,Makan & Minum,OVO
2024-02-04,Sewa Bulanan,999730.0,EXPENSE,Tagihan,Dompet Tunai
2024-02-04,Indomaret,24188.0,EXPENSE,Belanja,Gopay
2024-02-04,Parkir,5705.0,EXPENSE,Lain-lain,Gopay
2024-02-04,Kost,1292747.0,EXPENSE,Tagihan,BCA
2024-02-04,McDonalds,24301.0,EXPENSE,Makan & Minum,BCA
2024-02-04,GoFood,40049.0,EXPENSE,Makan & Minum,OVO
2024-02-04,GrabFood,18987.0,EXPENSE,Makan & Minum,OVO
2024-02-04,Baju,98186.0,EXPENSE,Belanja,Dana
2024-02-05,KFC,31611.0,EXPENSE,Makan & Minum,Gopay
2024-02-05,GoFood,21032.0,EXPENSE,Makan & Minum,OVO
2024-02-05,Isi BBM,43230.0,EXPENSE,Tagihan,Gopay
2024-02-05,KFC,33829.0,EXPENSE,Makan & Minum,Gopay
2024-02-05,Kantin,28077.0,EXPENSE,Makan & Minum,Gopay
2024-02-05,Mie Instan,11447.0,EXPENSE,Makan & Minum,BCA
2024-02-05,Mie Instan,6320.0,EXPENSE,Makan & Minum,Dompet Tunai
2024-02-06,Sushi,70148.0,EXPENSE,Makan & Minum,Gopay
2024-02-06,Sushi,43805.0,EXPENSE,Makan & Minum,BCA
2024-02-06,Print Tugas,2622.0,EXPENSE,Lain-lain,Gopay
2024-02-06,Cafe,26263.0,EXPENSE,Makan & Minum,Dana
2024-02-06,Isi BBM,32333.0,EXPENSE,Tagihan,Gopay
2024-02-06,Alfamart,93168.0,EXPENSE,Belanja,BCA
2024-02-06,Karaoke,115393.0,EXPENSE,Hiburan,OVO
2024-02-06,Pizza,27712.0,EXPENSE,Makan & Minum,OVO
2024-02-07,GoFood,34485.0,EXPENSE,Makan & Minum,OVO
2024-02-07,Nasi Padang,68964.0,EXPENSE,Makan & Minum,Gopay
2024-02-07,Warung Makan,37360.0,EXPENSE,Makan & Minum,Gopay
2024-02-07,Isi BBM,21876.0,EXPENSE,Tagihan,Dompet Tunai
2024-02-07,Alfamart,42626.0,EXPENSE,Belanja,BCA
2024-02-07,Pizza,19877.0,EXPENSE,Makan & Minum,OVO
2024-02-07,GoFood,19910.0,EXPENSE,Makan & Minum,BCA
2024-02-07,Mie Instan,6717.0,EXPENSE,Makan & Minum,BCA
2024-02-08,GoFood,72923.0,EXPENSE,Makan & Minum,Gopay
2024-02-08,Kantin,6664.0,EXPENSE,Makan & Minum,Gopay
2024-02-08,McDonalds,29024.0,EXPENSE,Makan & Minum,OVO
2024-02-08,Nasi Padang,22398.0,EXPENSE,Makan & Minum,OVO
2024-02-08,GoFood,30435.0,EXPENSE,Makan & Minum,Dana
2024-02-08,Sushi,37756.0,EXPENSE,Makan & Minum,Dana
2024-02-09,GoFood,30859.0,EXPENSE,Makan & Minum,BCA
2024-02-09,Bowling,81281.0,EXPENSE,Hiburan,BCA
2024-02-09,Fotokopi,9469.0,EXPENSE,Lain-lain,Dompet Tunai
2024-02-09,Pertamax,25403.0,EXPENSE,Tagihan,Dompet Tunai
2024-02-09,Bakmi,21503.0,EXPENSE,Makan & Minum,Gopay
2024-02-09,GoFood,43312.0,EXPENSE,Makan & Minum,OVO
2024-02-09,McDonalds,62671.0,EXPENSE,Makan & Minum,OVO
2024-02-10,Top Up ML,96157.0,EXPENSE,Hiburan,BCA
2024-02-10,Spotify,27520.0,EXPENSE,Tagihan,Gopay
2024-02-10,GoFood,38283.0,EXPENSE,Makan & Minum,BCA
2024-02-10,McDonalds,20418.0,EXPENSE,Makan & Minum,Gopay
2024-02-10,GoFood,42703.0,EXPENSE,Makan & Minum,OVO
2024-02-10,Mie Instan,5347.0,EXPENSE,Makan & Minum,Dompet Tunai
2024-02-10,GoFood,29049.0,EXPENSE,Makan & Minum,Dana
2024-02-10,Spotify,65623.0,EXPENSE,Tagihan,BCA
2024-02-11,Bakmi,41143.0,EXPENSE,Makan & Minum,BCA
2024-02-11,Kopi Kenangan,77077.0,EXPENSE,Makan & Minum,BCA
2024-02-11,Sushi,23012.0,EXPENSE,Makan & Minum,BCA
2024-02-11,Top Up ML,86561.0,EXPENSE,Hiburan,Gopay
2024-02-11,Shopee,85773.0,EXPENSE,Belanja,BCA
2024-02-11,Nasi Bungkus,12685.0,EXPENSE,Makan & Minum,Dompet Tunai
2024-02-12,Bensin,42757.0,EXPENSE,Tagihan,Dompet Tunai
2024-02-12,Bioskop,94628.0,EXPENSE,Hiburan,BCA
2024-02-12,GoFood,41995.0,EXPENSE,Makan & Minum,Gopay
2024-02-12,Bensin,42376.0,EXPENSE,Tagihan,Dompet Tunai
2024-02-12,GrabFood,20486.0,EXPENSE,Makan & Minum,OVO
2024-02-12,Bakmi,31881.0,EXPENSE,Makan & Minum,Dana
2024-02-12,ATM,12713.0,EXPENSE,Lain-lain,Dompet Tunai
2024-02-12,Es Teh,13960.0,EXPENSE,Makan & Minum,Gopay
2024-02-12,Gorengan,12996.0,EXPENSE,Makan & Minum,Dompet Tunai
2024-02-12,Bensin,25975.0,EXPENSE,Tagihan,Gopay
2024-02-12,Bowling,69583.0,EXPENSE,Hiburan,Dana
2024-02-13,Bakmi,60130.0,EXPENSE,Makan & Minum,BCA
2024-02-13,Tokopedia,29029.0,EXPENSE,Belanja,OVO
2024-02-13,Warung Nasi,5925.0,EXPENSE,Makan & Minum,Gopay
2024-02-13,Kantin,10834.0,EXPENSE,Makan & Minum,Dompet Tunai
2024-02-13,Shampo,21927.0,EXPENSE,Belanja,BCA
2024-02-13,Warung Makan,65476.0,EXPENSE,Makan & Minum,Gopay
2024-02-13,Parkir,7209.0,EXPENSE,Lain-lain,Gopay
2024-02-14,Warung Nasi,10116.0,EXPENSE,Makan & Minum,Gopay
2024-02-14,Kopi Kekinian,17369.0,EXPENSE,Makan & Minum,OVO
2024-02-14,Shopee,93745.0,EXPENSE,Belanja,BCA
2024-02-14,Cafe,39391.0,EXPENSE,Makan & Minum,Dana
2024-02-14,Starbucks,37625.0,EXPENSE,Makan & Minum,Gopay
2024-02-14,Cafe,28558.0,EXPENSE,Makan & Minum,OVO
2024-02-14,McDonalds,67446.0,EXPENSE,Makan & Minum,Gopay
2024-02-15,Clubbing,174128.0,EXPENSE,Hiburan,OVO
2024-02-15,Pertamax,32983.0,EXPENSE,Tagihan,Gopay
2024-02-15,Nasi Padang,26023.0,EXPENSE,Makan & Minum,Dana
2024-02-15,Bakmi,25071.0,EXPENSE,Makan & Minum,Gopay
2024-02-15,Uang Bulanan,1328495.0,INCOME,Gaji,BCA
2024-02-15,Ongkos,11633.0,EXPENSE,Lain-lain,Dompet Tunai
2024-02-15,Nasi Padang,29813.0,EXPENSE,Makan & Minum,BCA
2024-02-15,Nasi Bungkus,8514.0,EXPENSE,Makan & Minum,Gopay
2024-02-15,Pertamax,28317.0,EXPENSE,Tagihan,Dompet Tunai
2024-02-16,Pizza,35107.0,EXPENSE,Makan & Minum,OVO
2024-02-16,Starbucks,37522.0,EXPENSE,Makan & Minum,BCA
2024-02-16,Warung Makan,32775.0,EXPENSE,Makan & Minum,Dana
2024-02-16,Warung Nasi,10872.0,EXPENSE,Makan & Minum,BCA
2024-02-16,Es Teh,9746.0,EXPENSE,Makan & Minum,Gopay
2024-02-16,Nasi Padang,18141.0,EXPENSE,Makan & Minum,OVO
2024-02-16,ATM,13887.0,EXPENSE,Lain-lain,Dompet Tunai
2024-02-16,Alat Tulis,23903.0,EXPENSE,Belanja,BCA
2024-02-16,Print Tugas,14011.0,EXPENSE,Lain-lain,Gopay
2024-02-16,Aksesoris,39031.0,EXPENSE,Belanja,BCA
2024-02-16,KFC,65509.0,EXPENSE,Makan & Minum,BCA
2024-02-17,Nasi Padang,33168.0,EXPENSE,Makan & Minum,Gopay
2024-02-17,Game Online,27398.0,EXPENSE,Hiburan,BCA
2024-02-17,Grab Motor,9367.0,EXPENSE,Lain-lain,Dompet Tunai
2024-02-17,Top Up ML,59532.0,EXPENSE,Hiburan,BCA
2024-02-17,Kantin,14149.0,EXPENSE,Makan & Minum,BCA
2024-02-17,McDonalds,66705.0,EXPENSE,Makan & Minum,BCA
2024-02-18,Aksesoris,86056.0,EXPENSE,Belanja,OVO
2024-02-18,Bubble Tea,52281.0,EXPENSE,Makan & Minum,OVO
2024-02-18,Bakmi,33711.0,EXPENSE,Makan & Minum,OVO
2024-02-18,Lazada,97099.0,EXPENSE,Belanja,Gopay
2024-02-18,Warung Makan,21292.0,EXPENSE,Makan & Minum,Gopay
2024-02-18,Starbucks,25796.0,EXPENSE,Makan & Minum,BCA
2024-02-19,Starbucks,35705.0,EXPENSE,Makan & Minum,Gopay
2024-02-19,Game Online,97769.0,EXPENSE,Hiburan,Gopay
2024-02-19,Fotokopi,5233.0,EXPENSE,Lain-lain,Dompet Tunai
2024-02-19,Isi BBM,36666.0,EXPENSE,Tagihan,Gopay
2024-02-19,Bensin,17310.0,EXPENSE,Tagihan,Dompet Tunai
2024-02-19,Nasi Padang,26525.0,EXPENSE,Makan & Minum,BCA
2024-02-19,McDonalds,23845.0,EXPENSE,Makan & Minum,Gopay
2024-02-19,Pizza,23718.0,EXPENSE,Makan & Minum,Gopay
2024-02-19,Starbucks,20998.0,EXPENSE,Makan & Minum,BCA
2024-02-20,Pizza,26002.0,EXPENSE,Makan & Minum,Gopay
2024-02-20,Nasi Padang,57433.0,EXPENSE,Makan & Minum,OVO
2024-02-20,Warung Makan,15023.0,EXPENSE,Makan & Minum,BCA
2024-02-20,Indomaret,67924.0,EXPENSE,Belanja,BCA
2024-02-20,Kopi Kekinian,21465.0,EXPENSE,Makan & Minum,OVO
2024-02-20,Starbucks,23990.0,EXPENSE,Makan & Minum,Dana
2024-02-20,Skincare,140525.0,EXPENSE,Belanja,Dana
2024-02-20,Warung Makan,50450.0,EXPENSE,Makan & Minum,BCA
2024-02-21,Nasi Padang,33703.0,EXPENSE,Makan & Minum,Dana
2024-02-21,Sushi,29331.0,EXPENSE,Makan & Minum,Dana
2024-02-21,Pertamax,20661.0,EXPENSE,Tagihan,Dompet Tunai
2024-02-21,Karaoke,130738.0,EXPENSE,Hiburan,BCA
2024-02-21,Pizza,33553.0,EXPENSE,Makan & Minum,OVO
2024-02-21,KFC,15577.0,EXPENSE,Makan & Minum,OVO
2024-02-21,Pertamax,30273.0,EXPENSE,Tagihan,Dompet Tunai
2024-02-21,Nongkrong,138681.0,EXPENSE,Hiburan,BCA
2024-02-21,Bakmi,22772.0,EXPENSE,Makan & Minum,BCA
2024-02-22,Kopi Kekinian,29108.0,EXPENSE,Makan & Minum,BCA
2024-02-22,Bensin,40549.0,EXPENSE,Tagihan,Dompet Tunai
2024-02-22,Warung Makan,33437.0,EXPENSE,Makan & Minum,OVO
2024-02-22,Warung Makan,21693.0,EXPENSE,Makan & Minum,Gopay
2024-02-22,Pertamax,20426.0,EXPENSE,Tagihan,Dompet Tunai
2024-02-22,Cafe,37556.0,EXPENSE,Makan & Minum,Dana
2024-02-22,Bakmi,66803.0,EXPENSE,Makan & Minum,Dana
2024-02-22,Ongkos,10767.0,EXPENSE,Lain-lain,Gopay
2024-02-22,Warung Makan,19875.0,EXPENSE,Makan & Minum,Gopay
2024-02-23,Print Tugas,2688.0,EXPENSE,Lain-lain,Dompet Tunai
2024-02-23,Warung Nasi,6628.0,EXPENSE,Makan & Minum,BCA
2024-02-23,Warteg,10125.0,EXPENSE,Makan & Minum,BCA
2024-02-23,GrabFood,25155.0,EXPENSE,Makan & Minum,BCA
2024-02-23,Pizza,31750.0,EXPENSE,Makan & Minum,Gopay
2024-02-23,Starbucks,32793.0,EXPENSE,Makan & Minum,BCA
2024-02-23,Cafe,34383.0,EXPENSE,Makan & Minum,Dana
2024-02-23,Parkir,8159.0,EXPENSE,Lain-lain,Dompet Tunai
2024-02-23,ATM,5104.0,EXPENSE,Lain-lain,Dompet Tunai
2024-02-23,Isi BBM,36902.0,EXPENSE,Tagihan,Dompet Tunai
2024-02-23,Starbucks,39346.0,EXPENSE,Makan & Minum,OVO
2024-02-23,Bowling,20006.0,EXPENSE,Hiburan,Gopay
2024-02-24,Nasi Padang,30848.0,EXPENSE,Makan & Minum,BCA
2024-02-24,Kopi Kekinian,64788.0,EXPENSE,Makan & Minum,BCA
2024-02-24,Bubble Tea,17525.0,EXPENSE,Makan & Minum,Gopay
2024-02-24,Es Teh,10139.0,EXPENSE,Makan & Minum,Gopay
2024-02-24,Starbucks,32724.0,EXPENSE,Makan & Minum,OVO
2024-02-24,Bakmi,30934.0,EXPENSE,Makan & Minum,Gopay
2024-02-24,Starbucks,59349.0,EXPENSE,Makan & Minum,OVO
2024-02-24,Es Teh,5945.0,EXPENSE,Makan & Minum,BCA
2024-02-24,Warteg,7899.0,EXPENSE,Makan & Minum,Gopay
2024-02-24,ATM,11095.0,EXPENSE,Lain-lain,Gopay
2024-02-25,Bubble Tea,34384.0,EXPENSE,Makan & Minum,OVO
2024-02-25,Nasi Padang,28096.0,EXPENSE,Makan & Minum,Gopay
2024-02-25,Bubble Tea,27997.0,EXPENSE,Makan & Minum,OVO
2024-02-25,Grab Motor,3562.0,EXPENSE,Lain-lain,Dompet Tunai
2024-02-25,Bakmi,39182.0,EXPENSE,Makan & Minum,BCA
2024-02-25,Kopi Kenangan,27824.0,EXPENSE,Makan & Minum,Dana
2024-02-26,Baju,66507.0,EXPENSE,Belanja,OVO
2024-02-26,Starbucks,27095.0,EXPENSE,Makan & Minum,Dana
2024-02-26,Bakmi,37864.0,EXPENSE,Makan & Minum,Gopay
2024-02-26,Mie Instan,9849.0,EXPENSE,Makan & Minum,BCA
2024-02-26,Bensin,22551.0,EXPENSE,Tagihan,Gopay
2024-02-26,GoFood,15718.0,EXPENSE,Makan & Minum,Gopay
2024-02-26,KFC,33419.0,EXPENSE,Makan & Minum,OVO
2024-02-26,GoFood,74134.0,EXPENSE,Makan & Minum,BCA
2024-02-26,Isi BBM,48068.0,EXPENSE,Tagihan,Gopay
2024-02-26,Indomaret,46861.0,EXPENSE,Belanja,Gopay
2024-02-26,Warteg,5129.0,EXPENSE,Makan & Minum,Dompet Tunai
2024-02-27,Starbucks,37173.0,EXPENSE,Makan & Minum,BCA
2024-02-27,Nasi Padang,24953.0,EXPENSE,Makan & Minum,Gopay
2024-02-27,Nasi Padang,66237.0,EXPENSE,Makan & Minum,BCA
2024-02-27,ATM,8289.0,EXPENSE,Lain-lain,Dompet Tunai
2024-02-27,Kopi Kekinian,42003.0,EXPENSE,Makan & Minum,OVO
2024-02-27,Indomaret,71681.0,EXPENSE,Belanja,BCA
2024-02-28,Uang Bulanan,1203227.0,INCOME,Gaji,Gopay
2024-02-28,Dana Darurat,55380.0,INCOME,Goals,BCA
2024-02-28,Print Tugas,14004.0,EXPENSE,Lain-lain,Dompet Tunai
2024-02-28,Sushi,26962.0,EXPENSE,Makan & Minum,Gopay
2024-02-28,Starbucks,74081.0,EXPENSE,Makan & Minum,OVO
2024-02-28,Lazada,125112.0,EXPENSE,Belanja,OVO
2024-02-28,Print Tugas,11466.0,EXPENSE,Lain-lain,Dompet Tunai
2024-02-28,Bensin,32486.0,EXPENSE,Tagihan,Dompet Tunai
2024-02-28,McDonalds,21911.0,EXPENSE,Makan & Minum,OVO
2024-02-29,Kopi Kenangan,22289.0,EXPENSE,Makan & Minum,Dana
2024-02-29,Aksesoris,40095.0,EXPENSE,Belanja,OVO
2024-02-29,Netflix,94350.0,EXPENSE,Hiburan,OVO
2024-03-01,Transfer Ortu,2865925.0,INCOME,Gaji,Gopay
2024-03-01,Bubble Tea,19602.0,EXPENSE,Makan & Minum,Gopay
2024-03-01,Nasi Padang,27418.0,EXPENSE,Makan & Minum,OVO
2024-03-01,GrabFood,60098.0,EXPENSE,Makan & Minum,BCA
2024-03-01,Isi BBM,44647.0,EXPENSE,Tagihan,Gopay
2024-03-01,Grab Motor,11845.0,EXPENSE,Lain-lain,Gopay
2024-03-01,Freelance,1064340.0,INCOME,Gaji,BCA
2024-03-01,Lazada,38273.0,EXPENSE,Belanja,Gopay
2024-03-01,GoFood,36173.0,EXPENSE,Makan & Minum,Gopay
2024-03-01,Starbucks,24510.0,EXPENSE,Makan & Minum,Dana
2024-03-01,Kantin,6253.0,EXPENSE,Makan & Minum,BCA
2024-03-01,Kantin,13568.0,EXPENSE,Makan & Minum,Gopay
2024-03-02,Kiriman Ortu,1355139.0,INCOME,Gaji,BCA
2024-03-02,Bayar Kost,1272028.0,EXPENSE,Tagihan,Dompet Tunai
2024-03-02,Bakmi,47412.0,EXPENSE,Makan & Minum,OVO
2024-03-02,Bakmi,31407.0,EXPENSE,Makan & Minum,BCA
2024-03-02,Starbucks,37995.0,EXPENSE,Makan & Minum,Gopay
2024-03-02,Pizza,31085.0,EXPENSE,Makan & Minum,Gopay
2024-03-02,Kantin,14201.0,EXPENSE,Makan & Minum,Gopay
2024-03-02,Warung Nasi,19525.0,EXPENSE,Makan & Minum,BCA
2024-03-02,Kost,591277.0,EXPENSE,Tagihan,Dompet Tunai
2024-03-02,Mie Instan,6848.0,EXPENSE,Makan & Minum,BCA
2024-03-02,Kiriman Papa,2296279.0,INCOME,Gaji,Gopay
2024-03-02,McDonalds,24637.0,EXPENSE,Makan & Minum,OVO
2024-03-03,Tokopedia,135935.0,EXPENSE,Belanja,Dana
2024-03-03,Kost,948280.0,EXPENSE,Tagihan,Dompet Tunai
2024-03-03,Starbucks,27158.0,EXPENSE,Makan & Minum,BCA
2024-03-03,Cafe,59948.0,EXPENSE,Makan & Minum,BCA
2024-03-03,McDonalds,28457.0,EXPENSE,Makan & Minum,OVO
2024-03-03,Bubble Tea,27771.0,EXPENSE,Makan & Minum,Gopay
2024-03-03,Warung Makan,72853.0,EXPENSE,Makan & Minum,BCA
2024-03-04,Isi BBM,32322.0,EXPENSE,Tagihan,Gopay
2024-03-04,Skincare,46536.0,EXPENSE,Belanja,OVO
2024-03-04,Isi BBM,26522.0,EXPENSE,Tagihan,Dompet Tunai
2024-03-04,Es Teh,6718.0,EXPENSE,Makan & Minum,Gopay
2024-03-04,Kantin,25880.0,EXPENSE,Makan & Minum,Gopay
2024-03-04,Baju,91121.0,EXPENSE,Belanja,BCA
2024-03-04,Pizza,27708.0,EXPENSE,Makan & Minum,OVO
2024-03-04,Nasi Padang,23166.0,EXPENSE,Makan & Minum,Gopay
2024-03-05,Mie Instan,12614.0,EXPENSE,Makan & Minum,BCA
2024-03-05,Bioskop,24744.0,EXPENSE,Hiburan,OVO
2024-03-05,Isi BBM,39539.0,EXPENSE,Tagihan,Gopay
2024-03-05,Kost,945049.0,EXPENSE,Tagihan,Dompet Tunai
2024-03-05,Kopi Kenangan,38998.0,EXPENSE,Makan & Minum,Dana
2024-03-05,Cafe,25410.0,EXPENSE,Makan & Minum,Gopay
2024-03-05,GoFood,32708.0,EXPENSE,Makan & Minum,BCA
2024-03-05,McDonalds,33781.0,EXPENSE,Makan & Minum,Gopay
2024-03-05,Warteg,9241.0,EXPENSE,Makan & Minum,BCA
2024-03-05,Cafe,42916.0,EXPENSE,Makan & Minum,BCA
2024-03-06,Bioskop,60883.0,EXPENSE,Hiburan,Gopay
2024-03-06,Sushi,21043.0,EXPENSE,Makan & Minum,OVO
2024-03-06,Starbucks,28537.0,EXPENSE,Makan & Minum,Gopay
2024-03-06,Nasi Padang,37943.0,EXPENSE,Makan & Minum,BCA
2024-03-06,Isi BBM,42952.0,EXPENSE,Tagihan,Gopay
2024-03-06,ATM,5249.0,EXPENSE,Lain-lain,Gopay
2024-03-06,Nasi Bungkus,22406.0,EXPENSE,Makan & Minum,Dompet Tunai
2024-03-06,GrabFood,43484.0,EXPENSE,Makan & Minum,Gopay
2024-03-06,Gorengan,12362.0,EXPENSE,Makan & Minum,Dompet Tunai
2024-03-06,Bubble Tea,33034.0,EXPENSE,Makan & Minum,Gopay
2024-03-06,GoFood,18796.0,EXPENSE,Makan & Minum,BCA
2024-03-06,Baju,32442.0,EXPENSE,Belanja,OVO
2024-03-07,Sushi,22594.0,EXPENSE,Makan & Minum,Dana
2024-03-07,Skincare,46762.0,EXPENSE,Belanja,BCA
2024-03-07,Isi BBM,22840.0,EXPENSE,Tagihan,Gopay
2024-03-07,Nasi Padang,41749.0,EXPENSE,Makan & Minum,OVO
2024-03-07,GrabFood,17951.0,EXPENSE,Makan & Minum,BCA
2024-03-07,Nasi Padang,17894.0,EXPENSE,Makan & Minum,OVO
2024-03-07,GrabFood,18490.0,EXPENSE,Makan & Minum,Gopay
2024-03-07,Nongkrong,122496.0,EXPENSE,Hiburan,OVO
2024-03-07,Parkir,3648.0,EXPENSE,Lain-lain,Dompet Tunai
2024-03-07,Nasi Bungkus,14987.0,EXPENSE,Makan & Minum,Gopay
2024-03-07,Gorengan,13024.0,EXPENSE,Makan & Minum,Dompet Tunai
2024-03-08,Warung Makan,32340.0,EXPENSE,Makan & Minum,BCA
2024-03-08,Warung Makan,27339.0,EXPENSE,Makan & Minum,OVO
2024-03-08,Kopi Kenangan,25351.0,EXPENSE,Makan & Minum,Gopay
2024-03-08,Isi BBM,37638.0,EXPENSE,Tagihan,Dompet Tunai
2024-03-08,Game Online,184169.0,EXPENSE,Hiburan,OVO
2024-03-08,Warung Makan,30560.0,EXPENSE,Makan & Minum,OVO
2024-03-08,GrabFood,55154.0,EXPENSE,Makan & Minum,OVO
2024-03-08,Bensin,31217.0,EXPENSE,Tagihan,Dompet Tunai
2024-03-08,ATM,13826.0,EXPENSE,Lain-lain,Gopay
2024-03-09,Warung Makan,20675.0,EXPENSE,Makan & Minum,Dana
2024-03-09,Tokopedia,38376.0,EXPENSE,Belanja,OVO
2024-03-09,Nasi Bungkus,13440.0,EXPENSE,Makan & Minum,BCA
2024-03-09,GoFood,20717.0,EXPENSE,Makan & Minum,Dana
2024-03-09,Kopi Kenangan,29075.0,EXPENSE,Makan & Minum,Gopay
2024-03-09,Ongkos,6991.0,EXPENSE,Lain-lain,Gopay
2024-03-10,Warung Makan,20898.0,EXPENSE,Makan & Minum,OVO
2024-03-10,GoFood,30862.0,EXPENSE,Makan & Minum,OVO
2024-03-10,Paket Data,93429.0,EXPENSE,Tagihan,BCA
2024-03-10,Starbucks,48229.0,EXPENSE,Makan & Minum,Dana
2024-03-10,Cafe,33208.0,EXPENSE,Makan & Minum,BCA
2024-03-10,Spotify,48654.0,EXPENSE,Tagihan,Gopay
2024-03-10,Paket Data,22122.0,EXPENSE,Tagihan,BCA
2024-03-11,Bensin,31865.0,EXPENSE,Tagihan,Gopay
2024-03-11,Bensin,15446.0,EXPENSE,Tagihan,Gopay
2024-03-11,Parkir,9624.0,EXPENSE,Lain-lain,Dompet Tunai
2024-03-11,Print Tugas,6974.0,EXPENSE,Lain-lain,Dompet Tunai
2024-03-11,Bubble Tea,21251.0,EXPENSE,Makan & Minum,OVO
2024-03-11,Pizza,34072.0,EXPENSE,Makan & Minum,Gopay
2024-03-11,Nasi Bungkus,6222.0,EXPENSE,Makan & Minum,Dompet Tunai
2024-03-11,Cafe,38571.0,EXPENSE,Makan & Minum,Gopay
2024-03-11,Sushi,36585.0,EXPENSE,Makan & Minum,Dana
2024-03-11,Shopee,56491.0,EXPENSE,Belanja,BCA
2024-03-11,Clubbing,104120.0,EXPENSE,Hiburan,OVO
2024-03-11,Print Tugas,12027.0,EXPENSE,Lain-lain,Dompet Tunai
2024-03-11,Pertamax,34208.0,EXPENSE,Tagihan,Dompet Tunai
2024-03-11,Warung Makan,39049.0,EXPENSE,Makan & Minum,Dana
2024-03-12,Es Teh,16148.0,EXPENSE,Makan & Minum,Gopay
2024-03-12,Spotify,47656.0,EXPENSE,Hiburan,OVO
2024-03-12,McDonalds,46505.0,EXPENSE,Makan & Minum,BCA
2024-03-12,Kopi Kekinian,33823.0,EXPENSE,Makan & Minum,OVO
2024-03-12,Shopee,80637.0,EXPENSE,Belanja,BCA
2024-03-12,Warung Makan,27234.0,EXPENSE,Makan & Minum,Gopay
2024-03-12,Nasi Padang,62738.0,EXPENSE,Makan & Minum,BCA
2024-03-12,Kantin,12927.0,EXPENSE,Makan & Minum,Dompet Tunai
2024-03-13,Bioskop,61881.0,EXPENSE,Hiburan,Gopay
2024-03-13,Warung Nasi,14526.0,EXPENSE,Makan & Minum,Dompet Tunai
2024-03-13,Nasi Bungkus,6191.0,EXPENSE,Makan & Minum,Dompet Tunai
2024-03-13,ATM,4963.0,EXPENSE,Lain-lain,Dompet Tunai
2024-03-13,Fotokopi,11135.0,EXPENSE,Lain-lain,Dompet Tunai
2024-03-13,Skincare,131874.0,EXPENSE,Belanja,BCA
2024-03-13,Isi BBM,23181.0,EXPENSE,Tagihan,Gopay
2024-03-13,Warung Makan,28809.0,EXPENSE,Makan & Minum,BCA
2024-03-13,Warung Makan,77553.0,EXPENSE,Makan & Minum,BCA
2024-03-13,Print Tugas,9237.0,EXPENSE,Lain-lain,Dompet Tunai
2024-03-13,Warung Makan,34491.0,EXPENSE,Makan & Minum,Gopay
2024-03-13,KFC,46143.0,EXPENSE,Makan & Minum,BCA
2024-03-14,Isi BBM,17017.0,EXPENSE,Tagihan,Dompet Tunai
2024-03-14,Tokopedia,63137.0,EXPENSE,Belanja,BCA
2024-03-14,ATM,10231.0,EXPENSE,Lain-lain,Gopay
2024-03-14,Grab Motor,3471.0,EXPENSE,Lain-lain,Gopay
2024-03-14,Isi BBM,33511.0,EXPENSE,Tagihan,Gopay
2024-03-15,Honor Kerja,1199256.0,INCOME,Gaji,Gopay
2024-03-15,Bioskop,48856.0,EXPENSE,Hiburan,Gopay
2024-03-15,Nasi Padang,37948.0,EXPENSE,Makan & Minum,Dana
2024-03-15,Nasi Padang,40988.0,EXPENSE,Makan & Minum,BCA
2024-03-15,Pertamax,30995.0,EXPENSE,Tagihan,Gopay
2024-03-15,Ongkos,2332.0,EXPENSE,Lain-lain,Gopay
2024-03-15,GoFood,21488.0,EXPENSE,Makan & Minum,Gopay
2024-03-15,Nasi Padang,24073.0,EXPENSE,Makan & Minum,BCA
2024-03-16,Kopi Kenangan,32984.0,EXPENSE,Makan & Minum,OVO
2024-03-16,GrabFood,74378.0,EXPENSE,Makan & Minum,Gopay
2024-03-16,McDonalds,24733.0,EXPENSE,Makan & Minum,Gopay
2024-03-16,Starbucks,31654.0,EXPENSE,Makan & Minum,Dana
2024-03-16,Warteg,14709.0,EXPENSE,Makan & Minum,Gopay
2024-03-16,McDonalds,52197.0,EXPENSE,Makan & Minum,OVO
2024-03-16,Nasi Padang,31630.0,EXPENSE,Makan & Minum,OVO
2024-03-17,Gorengan,8489.0,EXPENSE,Makan & Minum,Gopay
2024-03-17,Top Up,13531.0,EXPENSE,Hiburan,BCA
2024-03-17,Kopi Kekinian,54895.0,EXPENSE,Makan & Minum,Gopay
2024-03-17,KFC,56303.0,EXPENSE,Makan & Minum,OVO
2024-03-17,GoFood,63010.0,EXPENSE,Makan & Minum,BCA
2024-03-17,Nasi Padang,30407.0,EXPENSE,Makan & Minum,BCA
2024-03-17,Cafe,75139.0,EXPENSE,Makan & Minum,Dana
2024-03-17,Print Tugas,7785.0,EXPENSE,Lain-lain,Dompet Tunai
2024-03-17,Konser,61560.0,EXPENSE,Hiburan,BCA
2024-03-18,Mie Instan,7346.0,EXPENSE,Makan & Minum,Gopay
2024-03-18,Pertamax,15983.0,EXPENSE,Tagihan,Dompet Tunai
2024-03-18,Bakmi,38293.0,EXPENSE,Makan & Minum,OVO
2024-03-18,Starbucks,28377.0,EXPENSE,Makan & Minum,OVO
2024-03-18,GoFood,24195.0,EXPENSE,Makan & Minum,BCA
2024-03-18,Kopi Kekinian,26468.0,EXPENSE,Makan & Minum,BCA
2024-03-18,Bubble Tea,35834.0,EXPENSE,Makan & Minum,Gopay
2024-03-18,Fotokopi,12346.0,EXPENSE,Lain-lain,Dompet Tunai
2024-03-19,Nasi Bungkus,10148.0,EXPENSE,Makan & Minum,Dompet Tunai
2024-03-19,Warung Nasi,22045.0,EXPENSE,Makan & Minum,Dompet Tunai
2024-03-19,Shopee,74421.0,EXPENSE,Belanja,Dana
2024-03-19,Bakmi,39665.0,EXPENSE,Makan & Minum,OVO
2024-03-19,Spotify,45207.0,EXPENSE,Hiburan,BCA
2024-03-19,Bubble Tea,21205.0,EXPENSE,Makan & Minum,Gopay
2024-03-19,Warung Makan,58555.0,EXPENSE,Makan & Minum,Gopay
2024-03-19,Warung Makan,18363.0,EXPENSE,Makan & Minum,OVO
2024-03-20,Nasi Padang,45239.0,EXPENSE,Makan & Minum,OVO
2024-03-20,Kopi Kenangan,33801.0,EXPENSE,Makan & Minum,OVO
2024-03-20,Pertamax,31507.0,EXPENSE,Tagihan,Dompet Tunai
2024-03-21,Nasi Padang,51736.0,EXPENSE,Makan & Minum,BCA
2024-03-21,Ongkos,7226.0,EXPENSE,Lain-lain,Gopay
2024-03-21,Es Teh,11354.0,EXPENSE,Makan & Minum,BCA
2024-03-21,Mie Instan,11148.0,EXPENSE,Makan & Minum,Dompet Tunai
2024-03-21,GrabFood,30927.0,EXPENSE,Makan & Minum,BCA
2024-03-21,Bubble Tea,34731.0,EXPENSE,Makan & Minum,OVO
2024-03-21,Pizza,23795.0,EXPENSE,Makan & Minum,BCA
2024-03-21,Cafe,32333.0,EXPENSE,Makan & Minum,Gopay
2024-03-21,Bakmi,27099.0,EXPENSE,Makan & Minum,Dana
2024-03-22,Kopi Kenangan,31791.0,EXPENSE,Makan & Minum,OVO
2024-03-22,Isi BBM,28528.0,EXPENSE,Tagihan,Dompet Tunai
2024-03-22,Warung Makan,28772.0,EXPENSE,Makan & Minum,Gopay
2024-03-22,Nasi Padang,31871.0,EXPENSE,Makan & Minum,Dana
2024-03-22,KFC,23995.0,EXPENSE,Makan & Minum,BCA
2024-03-22,Warung Makan,22690.0,EXPENSE,Makan & Minum,OVO
2024-03-22,GoFood,69570.0,EXPENSE,Makan & Minum,OVO
2024-03-22,ATM,13471.0,EXPENSE,Lain-lain,Gopay
2024-03-22,Clubbing,77344.0,EXPENSE,Hiburan,OVO
2024-03-23,Nasi Padang,16687.0,EXPENSE,Makan & Minum,Gopay
2024-03-23,Pizza,52510.0,EXPENSE,Makan & Minum,OVO
2024-03-23,Nasi Padang,26287.0,EXPENSE,Makan & Minum,BCA
2024-03-23,Karaoke,71926.0,EXPENSE,Hiburan,BCA
2024-03-23,Bubble Tea,18175.0,EXPENSE,Makan & Minum,BCA
2024-03-23,Bakmi,51514.0,EXPENSE,Makan & Minum,Dana
2024-03-24,Baju,91781.0,EXPENSE,Belanja,OVO
2024-03-24,Parkir,14478.0,EXPENSE,Lain-lain,Gopay
2024-03-24,Warung Makan,21594.0,EXPENSE,Makan & Minum,OVO
2024-03-24,Nasi Padang,20040.0,EXPENSE,Makan & Minum,BCA
2024-03-24,Top Up ML,38386.0,EXPENSE,Hiburan,BCA
2024-03-24,Warteg,27356.0,EXPENSE,Makan & Minum,Dompet Tunai
2024-03-25,Aksesoris,85462.0,EXPENSE,Belanja,OVO
2024-03-25,Kantin,10162.0,EXPENSE,Makan & Minum,Gopay
2024-03-25,Sushi,48126.0,EXPENSE,Makan & Minum,Dana
2024-03-25,Warung Makan,36621.0,EXPENSE,Makan & Minum,Gopay
2024-03-25,Kopi Kenangan,38384.0,EXPENSE,Makan & Minum,Dana
2024-03-25,Baju,149100.0,EXPENSE,Belanja,Gopay
2024-03-25,Kantin,12634.0,EXPENSE,Makan & Minum,BCA
2024-03-25,Warung Makan,16694.0,EXPENSE,Makan & Minum,BCA
2024-03-26,Nasi Bungkus,13528.0,EXPENSE,Makan & Minum,Gopay
2024-03-26,Kantin,5599.0,EXPENSE,Makan & Minum,Dompet Tunai
2024-03-26,Kopi Kenangan,65225.0,EXPENSE,Makan & Minum,BCA
2024-03-26,Kopi Kenangan,20767.0,EXPENSE,Makan & Minum,BCA
2024-03-26,Pertamax,36528.0,EXPENSE,Tagihan,Gopay
2024-03-26,Ongkos,6891.0,EXPENSE,Lain-lain,Gopay
2024-03-26,Top Up ML,75043.0,EXPENSE,Hiburan,BCA
2024-03-26,Indomaret,30322.0,EXPENSE,Belanja,Gopay
2024-03-26,Starbucks,42974.0,EXPENSE,Makan & Minum,BCA
2024-03-27,McDonalds,18099.0,EXPENSE,Makan & Minum,Gopay
2024-03-27,Pertamax,46702.0,EXPENSE,Tagihan,Gopay
2024-03-27,Kopi Kenangan,65391.0,EXPENSE,Makan & Minum,OVO
2024-03-27,Tokopedia,54200.0,EXPENSE,Belanja,Dana
2024-03-27,Bensin,32267.0,EXPENSE,Tagihan,Gopay
2024-03-27,Bakmi,72555.0,EXPENSE,Makan & Minum,BCA
2024-03-28,Warung Makan,78517.0,EXPENSE,Makan & Minum,Dana
2024-03-28,Dana Darurat,72086.0,INCOME,Goals,BCA
2024-03-28,Warung Makan,30868.0,EXPENSE,Makan & Minum,Gopay
2024-03-28,Simpanan,111060.0,INCOME,Goals,BCA
2024-03-28,Nasi Padang,62714.0,EXPENSE,Makan & Minum,OVO
2024-03-28,Honor Kerja,1138963.0,INCOME,Gaji,BCA
2024-03-28,Bakmi,33360.0,EXPENSE,Makan & Minum,Dana
2024-03-28,Grab Motor,14432.0,EXPENSE,Lain-lain,Gopay
2024-03-29,Warung Makan,30562.0,EXPENSE,Makan & Minum,OVO
2024-03-29,Es Teh,7456.0,EXPENSE,Makan & Minum,Dompet Tunai
2024-03-29,Skincare,89300.0,EXPENSE,Belanja,OVO
2024-03-29,Bensin,46338.0,EXPENSE,Tagihan,Gopay
2024-03-29,Bakmi,36802.0,EXPENSE,Makan & Minum,Dana
2024-03-29,Pizza,33943.0,EXPENSE,Makan & Minum,BCA
2024-03-29,Pizza,44567.0,EXPENSE,Makan & Minum,Gopay
2024-03-29,Warung Makan,20579.0,EXPENSE,Makan & Minum,OVO
2024-03-29,Lazada,62015.0,EXPENSE,Belanja,BCA
2024-03-30,YouTube Premium,11818.0,EXPENSE,Hiburan,BCA
2024-03-30,Kopi Kekinian,25267.0,EXPENSE,Makan & Minum,Gopay
2024-03-30,Nasi Padang,38355.0,EXPENSE,Makan & Minum,BCA
2024-03-30,Bakmi,42185.0,EXPENSE,Makan & Minum,OVO
2024-03-30,Warung Makan,36370.0,EXPENSE,Makan & Minum,Dana
2024-03-30,Print Tugas,12134.0,EXPENSE,Lain-lain,Gopay
2024-03-30,Skincare,90194.0,EXPENSE,Belanja,Gopay
2024-03-31,ATM,8098.0,EXPENSE,Lain-lain,Gopay
2024-03-31,Game Online,139262.0,EXPENSE,Hiburan,BCA
2024-03-31,Bubble Tea,16982.0,EXPENSE,Makan & Minum,Gopay
2024-03-31,KFC,16632.0,EXPENSE,Makan & Minum,Gopay
2024-04-01,Isi BBM,41935.0,EXPENSE,Tagihan,Gopay
2024-04-01,Pertamax,27641.0,EXPENSE,Tagihan,Gopay
2024-04-01,Mie Instan,29326.0,EXPENSE,Makan & Minum,Gopay
2024-04-01,Kiriman Ortu,838729.0,INCOME,Gaji,BCA
2024-04-01,Pertamax,25733.0,EXPENSE,Tagihan,Gopay
2024-04-01,ATM,5233.0,EXPENSE,Lain-lain,Gopay
2024-04-01,Sewa Bulanan,1227790.0,EXPENSE,Tagihan,Dompet Tunai
2024-04-01,McDonalds,46524.0,EXPENSE,Makan & Minum,Gopay
2024-04-01,Warung Makan,72609.0,EXPENSE,Makan & Minum,BCA
2024-04-01,Kopi Kenangan,35320.0,EXPENSE,Makan & Minum,Gopay
2024-04-01,Gaji Part Time,1361689.0,INCOME,Gaji,BCA
2024-04-01,GoFood,27242.0,EXPENSE,Makan & Minum,OVO
2024-04-02,Sewa Bulanan,960293.0,EXPENSE,Tagihan,BCA
2024-04-02,Bubble Tea,25470.0,EXPENSE,Makan & Minum,Gopay
2024-04-02,Mie Instan,12732.0,EXPENSE,Makan & Minum,Dompet Tunai
2024-04-02,Beasiswa,1464772.0,INCOME,Gaji,Gopay
2024-04-02,Sushi,22050.0,EXPENSE,Makan & Minum,Dana
2024-04-02,Tokopedia,36074.0,EXPENSE,Belanja,Dana
2024-04-02,Transfer Ortu,2422214.0,INCOME,Gaji,BCA
2024-04-03,Kopi Kenangan,43397.0,EXPENSE,Makan & Minum,Dana
2024-04-03,Bayar Kost,476273.0,EXPENSE,Tagihan,Dompet Tunai
2024-04-03,Kiriman Mama,1565302.0,INCOME,Gaji,Gopay
2024-04-03,Bensin,36896.0,EXPENSE,Tagihan,Gopay
2024-04-03,Starbucks,69706.0,EXPENSE,Makan & Minum,Gopay
2024-04-03,GoFood,35852.0,EXPENSE,Makan & Minum,BCA
2024-04-03,Pertamax,20586.0,EXPENSE,Tagihan,Dompet Tunai
2024-04-03,Tokopedia,94906.0,EXPENSE,Belanja,Dana
2024-04-04,Sushi,59881.0,EXPENSE,Makan & Minum,BCA
2024-04-04,Bakmi,34292.0,EXPENSE,Makan & Minum,OVO
2024-04-04,Bensin,31177.0,EXPENSE,Tagihan,Dompet Tunai
2024-04-04,Tokopedia,18724.0,EXPENSE,Belanja,Gopay
2024-04-04,Pizza,18502.0,EXPENSE,Makan & Minum,OVO
2024-04-04,Nasi Bungkus,8165.0,EXPENSE,Makan & Minum,Dompet Tunai
2024-04-04,GoFood,29667.0,EXPENSE,Makan & Minum,Dana
2024-04-04,Nasi Padang,18646.0,EXPENSE,Makan & Minum,Gopay
2024-04-05,Pizza,31308.0,EXPENSE,Makan & Minum,BCA
2024-04-05,Pertamax,36638.0,EXPENSE,Tagihan,Gopay
2024-04-05,Clubbing,176857.0,EXPENSE,Hiburan,BCA
2024-04-05,Top Up,5870.0,EXPENSE,Hiburan,Gopay
2024-04-05,McDonalds,60876.0,EXPENSE,Makan & Minum,BCA
2024-04-05,Bakmi,56128.0,EXPENSE,Makan & Minum,OVO
2024-04-05,Sushi,59737.0,EXPENSE,Makan & Minum,BCA
2024-04-05,Bakmi,46770.0,EXPENSE,Makan & Minum,OVO
2024-04-06,Grab Motor,8437.0,EXPENSE,Lain-lain,Dompet Tunai
2024-04-06,Starbucks,21550.0,EXPENSE,Makan & Minum,Gopay
2024-04-06,Bowling,49915.0,EXPENSE,Hiburan,Dana
2024-04-06,Kopi Kenangan,30289.0,EXPENSE,Makan & Minum,Gopay
2024-04-06,Indomaret,71178.0,EXPENSE,Belanja,BCA
2024-04-06,Nasi Padang,23612.0,EXPENSE,Makan & Minum,OVO
2024-04-06,GoFood,25386.0,EXPENSE,Makan & Minum,OVO
2024-04-06,Pizza,18736.0,EXPENSE,Makan & Minum,BCA
2024-04-06,Nasi Padang,33040.0,EXPENSE,Makan & Minum,Dana
2024-04-07,Bubble Tea,23943.0,EXPENSE,Makan & Minum,OVO
2024-04-07,Warung Makan,34399.0,EXPENSE,Makan & Minum,BCA
2024-04-07,Starbucks,27433.0,EXPENSE,Makan & Minum,OVO
2024-04-07,Warung Nasi,13123.0,EXPENSE,Makan & Minum,Gopay
2024-04-07,Kopi Kenangan,20185.0,EXPENSE,Makan & Minum,Dana
2024-04-07,Nasi Bungkus,13576.0,EXPENSE,Makan & Minum,BCA
2024-04-07,Game Online,164506.0,EXPENSE,Hiburan,BCA
2024-04-07,Alfamart,95572.0,EXPENSE,Belanja,Gopay
2024-04-07,Mie Instan,8930.0,EXPENSE,Makan & Minum,Dompet Tunai
2024-04-08,Grab Motor,9728.0,EXPENSE,Lain-lain,Gopay
2024-04-08,Es Teh,5339.0,EXPENSE,Makan & Minum,BCA
2024-04-08,Pizza,28562.0,EXPENSE,Makan & Minum,Gopay
2024-04-08,GrabFood,18200.0,EXPENSE,Makan & Minum,Gopay
2024-04-08,Starbucks,34403.0,EXPENSE,Makan & Minum,OVO
2024-04-08,Cafe,36588.0,EXPENSE,Makan & Minum,BCA
2024-04-08,Kopi Kenangan,23007.0,EXPENSE,Makan & Minum,Gopay
2024-04-08,Bensin,24982.0,EXPENSE,Tagihan,Gopay
2024-04-08,Es Teh,11314.0,EXPENSE,Makan & Minum,Gopay
2024-04-08,Bensin,45570.0,EXPENSE,Tagihan,Dompet Tunai
2024-04-08,Print Tugas,10828.0,EXPENSE,Lain-lain,Dompet Tunai
2024-04-09,Sushi,76460.0,EXPENSE,Makan & Minum,BCA
2024-04-09,Warung Makan,35340.0,EXPENSE,Makan & Minum,OVO
2024-04-09,Bensin,22574.0,EXPENSE,Tagihan,Gopay
2024-04-09,Top Up ML,121459.0,EXPENSE,Hiburan,OVO
2024-04-09,Kopi Kekinian,24981.0,EXPENSE,Makan & Minum,OVO
2024-04-09,Baju,39274.0,EXPENSE,Belanja,BCA
2024-04-09,Nongkrong,53838.0,EXPENSE,Hiburan,BCA
2024-04-09,GoFood,19992.0,EXPENSE,Makan & Minum,Gopay
2024-04-09,Kopi Kekinian,25589.0,EXPENSE,Makan & Minum,BCA
2024-04-09,GoFood,65153.0,EXPENSE,Makan & Minum,BCA
2024-04-10,Warung Makan,31843.0,EXPENSE,Makan & Minum,Dana
2024-04-10,Pertamax,23662.0,EXPENSE,Tagihan,Gopay
2024-04-10,Netflix,74023.0,EXPENSE,Tagihan,Gopay
2024-04-10,GoFood,63535.0,EXPENSE,Makan & Minum,OVO
2024-04-10,Shopee,136474.0,EXPENSE,Belanja,Gopay
2024-04-10,Pulsa,51159.0,EXPENSE,Tagihan,BCA
2024-04-10,Paket Data,24065.0,EXPENSE,Tagihan,Gopay
2024-04-10,GoFood,40107.0,EXPENSE,Makan & Minum,OVO
2024-04-11,Isi BBM,26865.0,EXPENSE,Tagihan,Gopay
2024-04-11,YouTube Premium,20707.0,EXPENSE,Hiburan,Dompet Tunai
2024-04-11,Print Tugas,8713.0,EXPENSE,Lain-lain,Gopay
2024-04-11,Sushi,27546.0,EXPENSE,Makan & Minum,Dana
2024-04-11,Nasi Padang,36773.0,EXPENSE,Makan & Minum,Gopay
2024-04-12,GrabFood,66615.0,EXPENSE,Makan & Minum,BCA
2024-04-12,Game Online,71761.0,EXPENSE,Hiburan,OVO
2024-04-12,Game Online,88842.0,EXPENSE,Hiburan,OVO
2024-04-12,Warung Makan,22378.0,EXPENSE,Makan & Minum,Gopay
2024-04-12,Sushi,31158.0,EXPENSE,Makan & Minum,BCA
2024-04-12,Bakmi,31210.0,EXPENSE,Makan & Minum,BCA
2024-04-12,Bakmi,74646.0,EXPENSE,Makan & Minum,BCA
2024-04-13,Nasi Padang,63448.0,EXPENSE,Makan & Minum,Gopay
2024-04-13,Nasi Padang,18639.0,EXPENSE,Makan & Minum,BCA
2024-04-13,Tokopedia,111554.0,EXPENSE,Belanja,BCA
2024-04-13,Es Teh,11875.0,EXPENSE,Makan & Minum,Dompet Tunai
2024-04-13,Nasi Bungkus,6987.0,EXPENSE,Makan & Minum,Dompet Tunai
2024-04-13,Top Up ML,135501.0,EXPENSE,Hiburan,Dana
2024-04-13,GoFood,73895.0,EXPENSE,Makan & Minum,BCA
2024-04-13,Nasi Padang,25347.0,EXPENSE,Makan & Minum,OVO
2024-04-13,Cafe,38316.0,EXPENSE,Makan & Minum,BCA
2024-04-14,KFC,72390.0,EXPENSE,Makan & Minum,BCA
2024-04-14,McDonalds,25378.0,EXPENSE,Makan & Minum,Gopay
2024-04-15,Nasi Padang,25051.0,EXPENSE,Makan & Minum,OVO
2024-04-15,Ongkos,5607.0,EXPENSE,Lain-lain,Gopay
2024-04-15,Tokopedia,112377.0,EXPENSE,Belanja,BCA
2024-04-15,Clubbing,170132.0,EXPENSE,Hiburan,Gopay
2024-04-15,Starbucks,32258.0,EXPENSE,Makan & Minum,OVO
2024-04-15,Kopi Kenangan,37499.0,EXPENSE,Makan & Minum,Gopay
2024-04-15,Bensin,31624.0,EXPENSE,Tagihan,Dompet Tunai
2024-04-15,Bubble Tea,18084.0,EXPENSE,Makan & Minum,OVO
2024-04-16,Warung Nasi,7602.0,EXPENSE,Makan & Minum,Dompet Tunai
2024-04-16,McDonalds,28700.0,EXPENSE,Makan & Minum,BCA
2024-04-16,Pizza,34133.0,EXPENSE,Makan & Minum,Gopay
2024-04-16,Starbucks,37993.0,EXPENSE,Makan & Minum,BCA
2024-04-16,Sushi,38811.0,EXPENSE,Makan & Minum,Dana
2024-04-16,Lazada,118968.0,EXPENSE,Belanja,OVO
2024-04-16,Bioskop,40550.0,EXPENSE,Hiburan,BCA
2024-04-16,Ongkos,7657.0,EXPENSE,Lain-lain,Dompet Tunai
2024-04-17,Bubble Tea,29684.0,EXPENSE,Makan & Minum,BCA
2024-04-17,Warung Makan,49822.0,EXPENSE,Makan & Minum,Gopay
2024-04-17,Isi BBM,32450.0,EXPENSE,Tagihan,Dompet Tunai
2024-04-17,Indomaret,95358.0,EXPENSE,Belanja,OVO
2024-04-17,Cafe,36842.0,EXPENSE,Makan & Minum,BCA
2024-04-17,Sushi,47947.0,EXPENSE,Makan & Minum,OVO
2024-04-17,Isi BBM,22943.0,EXPENSE,Tagihan,Dompet Tunai
2024-04-18,Starbucks,39315.0,EXPENSE,Makan & Minum,Gopay
2024-04-18,Starbucks,69182.0,EXPENSE,Makan & Minum,BCA
2024-04-18,Isi BBM,31509.0,EXPENSE,Tagihan,Gopay
2024-04-19,Gorengan,13241.0,EXPENSE,Makan & Minum,Gopay
2024-04-19,Pizza,74839.0,EXPENSE,Makan & Minum,BCA
2024-04-19,Sushi,26210.0,EXPENSE,Makan & Minum,BCA
2024-04-19,Nasi Padang,45617.0,EXPENSE,Makan & Minum,Dana
2024-04-19,GoFood,47530.0,EXPENSE,Makan & Minum,OVO
2024-04-19,Nongkrong Cafe,67618.0,EXPENSE,Hiburan,Dana
2024-04-19,Skincare,57963.0,EXPENSE,Belanja,Gopay
2024-04-20,Gorengan,13714.0,EXPENSE,Makan & Minum,Dompet Tunai
2024-04-20,Warung Nasi,11472.0,EXPENSE,Makan & Minum,BCA
2024-04-20,Kantin,9510.0,EXPENSE,Makan & Minum,Dompet Tunai
2024-04-20,Pizza,32647.0,EXPENSE,Makan & Minum,BCA
2024-04-20,Warung Makan,28677.0,EXPENSE,Makan & Minum,OVO
2024-04-20,Starbucks,33741.0,EXPENSE,Makan & Minum,Gopay
2024-04-20,Starbucks,31704.0,EXPENSE,Makan & Minum,OVO
2024-04-21,Konser,87011.0,EXPENSE,Hiburan,Dana
2024-04-21,Starbucks,76877.0,EXPENSE,Makan & Minum,Dana
2024-04-21,Indomaret,6303.0,EXPENSE,Belanja,BCA
2024-04-21,GoFood,24214.0,EXPENSE,Makan & Minum,Dana
2024-04-22,GoFood,57129.0,EXPENSE,Makan & Minum,BCA
2024-04-22,McDonalds,30288.0,EXPENSE,Makan & Minum,OVO
2024-04-22,Bioskop,71207.0,EXPENSE,Hiburan,BCA
2024-04-22,Warteg,5054.0,EXPENSE,Makan & Minum,Gopay
2024-04-22,Gorengan,13022.0,EXPENSE,Makan & Minum,Gopay
2024-04-22,Isi BBM,25069.0,EXPENSE,Tagihan,Gopay
2024-04-22,Parkir,7707.0,EXPENSE,Lain-lain,Dompet Tunai
2024-04-22,Kopi Kenangan,26733.0,EXPENSE,Makan & Minum,OVO
2024-04-22,Starbucks,38020.0,EXPENSE,Makan & Minum,Dana
2024-04-23,Kantin,10304.0,EXPENSE,Makan & Minum,Dompet Tunai
2024-04-23,GrabFood,15805.0,EXPENSE,Makan & Minum,Gopay
2024-04-23,Alfamart,17480.0,EXPENSE,Belanja,Dompet Tunai
2024-04-23,Spotify,38172.0,EXPENSE,Hiburan,OVO
2024-04-23,Kantin,13779.0,EXPENSE,Makan & Minum,BCA
2024-04-23,GoFood,29471.0,EXPENSE,Makan & Minum,BCA
2024-04-23,Bakmi,32019.0,EXPENSE,Makan & Minum,Dana
2024-04-23,GoFood,39415.0,EXPENSE,Makan & Minum,Gopay
2024-04-23,Warung Makan,31079.0,EXPENSE,Makan & Minum,BCA
2024-04-23,Baju,139906.0,EXPENSE,Belanja,OVO
2024-04-23,Isi BBM,43850.0,EXPENSE,Tagihan,Dompet Tunai
2024-04-24,Karaoke,74231.0,EXPENSE,Hiburan,Gopay
2024-04-24,Warung Makan,25146.0,EXPENSE,Makan & Minum,OVO
2024-04-24,Pizza,26258.0,EXPENSE,Makan & Minum,Gopay
2024-04-24,Kopi Kekinian,28476.0,EXPENSE,Makan & Minum,OVO
2024-04-24,Cafe,35771.0,EXPENSE,Makan & Minum,Gopay
2024-04-24,Pertamax,47442.0,EXPENSE,Tagihan,Gopay
2024-04-24,Nasi Padang,35316.0,EXPENSE,Makan & Minum,Dana
2024-04-24,Isi BBM,20021.0,EXPENSE,Tagihan,Gopay
2024-04-24,Aksesoris,81547.0,EXPENSE,Belanja,OVO
2024-04-24,Lazada,46432.0,EXPENSE,Belanja,Gopay
2024-04-25,Kopi Kekinian,60161.0,EXPENSE,Makan & Minum,Gopay
2024-04-25,Starbucks,20099.0,EXPENSE,Makan & Minum,BCA
2024-04-25,Game Online,74441.0,EXPENSE,Hiburan,BCA
2024-04-25,Sushi,61993.0,EXPENSE,Makan & Minum,OVO
2024-04-25,Isi BBM,21537.0,EXPENSE,Tagihan,Gopay
2024-04-25,Bakmi,33369.0,EXPENSE,Makan & Minum,OVO
2024-04-25,Karaoke,77304.0,EXPENSE,Hiburan,OVO
2024-04-25,GoFood,19844.0,EXPENSE,Makan & Minum,Gopay
2024-04-26,Pertamax,40581.0,EXPENSE,Tagihan,Dompet Tunai
2024-04-26,GoFood,23563.0,EXPENSE,Makan & Minum,BCA
2024-04-26,Warung Nasi,7299.0,EXPENSE,Makan & Minum,Dompet Tunai
2024-04-26,Bubble Tea,43294.0,EXPENSE,Makan & Minum,OVO
2024-04-26,Nasi Padang,22536.0,EXPENSE,Makan & Minum,BCA
2024-04-26,Warung Nasi,12982.0,EXPENSE,Makan & Minum,BCA
2024-04-26,Cafe,34809.0,EXPENSE,Makan & Minum,OVO
2024-04-26,Kopi Kenangan,31939.0,EXPENSE,Makan & Minum,BCA
2024-04-26,GrabFood,29717.0,EXPENSE,Makan & Minum,OVO
2024-04-26,Print Tugas,2575.0,EXPENSE,Lain-lain,Dompet Tunai
2024-04-27,McDonalds,20970.0,EXPENSE,Makan & Minum,BCA
2024-04-27,KFC,27202.0,EXPENSE,Makan & Minum,Gopay
2024-04-27,Sabun,29720.0,EXPENSE,Belanja,Gopay
2024-04-27,ATM,8726.0,EXPENSE,Lain-lain,Gopay
2024-04-27,Cafe,36426.0,EXPENSE,Makan & Minum,BCA
2024-04-27,Warung Makan,28514.0,EXPENSE,Makan & Minum,BCA
2024-04-28,Warung Nasi,6237.0,EXPENSE,Makan & Minum,BCA
2024-04-28,Kantin,6807.0,EXPENSE,Makan & Minum,Gopay
2024-04-28,Gaji Part Time,1042401.0,INCOME,Gaji,BCA
2024-04-28,Sushi,20232.0,EXPENSE,Makan & Minum,Dana
2024-04-28,Dana Darurat,57903.0,INCOME,Goals,BCA
2024-04-28,Kopi Kekinian,25864.0,EXPENSE,Makan & Minum,BCA
2024-04-28,McDonalds,29433.0,EXPENSE,Makan & Minum,Gopay
2024-04-28,Starbucks,23218.0,EXPENSE,Makan & Minum,Dana
2024-04-29,Sushi,30634.0,EXPENSE,Makan & Minum,Gopay
2024-04-29,Isi BBM,43705.0,EXPENSE,Tagihan,Dompet Tunai
2024-04-29,Nongkrong Cafe,98280.0,EXPENSE,Hiburan,Dana
2024-04-29,Grab Motor,7983.0,EXPENSE,Lain-lain,Gopay
2024-04-29,Kopi Kenangan,39435.0,EXPENSE,Makan & Minum,OVO
2024-04-29,Bakmi,27457.0,EXPENSE,Makan & Minum,BCA
2024-04-29,Alfamart,60779.0,EXPENSE,Belanja,OVO
2024-04-30,Warung Nasi,13874.0,EXPENSE,Makan & Minum,Dompet Tunai
2024-04-30,Nasi Bungkus,11806.0,EXPENSE,Makan & Minum,Dompet Tunai
2024-04-30,Alfamart,26685.0,EXPENSE,Belanja,OVO
2024-04-30,Kopi Kekinian,16050.0,EXPENSE,Makan & Minum,BCA
2024-04-30,Warung Makan,19849.0,EXPENSE,Makan & Minum,Gopay
2024-04-30,Warung Makan,53498.0,EXPENSE,Makan & Minum,Gopay
2024-04-30,Nasi Padang,23575.0,EXPENSE,Makan & Minum,Dana
2024-04-30,Cafe,52985.0,EXPENSE,Makan & Minum,Gopay
2024-04-30,Bensin,33282.0,EXPENSE,Tagihan,Dompet Tunai
2024-04-30,Bowling,116297.0,EXPENSE,Hiburan,OVO
2024-05-01,Kiriman Ortu,1122163.0,INCOME,Gaji,Gopay
2024-05-01,Warung Nasi,5058.0,EXPENSE,Makan & Minum,Gopay
2024-05-01,Gorengan,9531.0,EXPENSE,Makan & Minum,Gopay
2024-05-01,Kantin,12970.0,EXPENSE,Makan & Minum,BCA
2024-05-01,Bakmi,36698.0,EXPENSE,Makan & Minum,Gopay
2024-05-01,Starbucks,54912.0,EXPENSE,Makan & Minum,Gopay
2024-05-01,Top Up ML,96055.0,EXPENSE,Hiburan,Gopay
2024-05-01,Tokopedia,53392.0,EXPENSE,Belanja,Gopay
2024-05-01,Kiriman Mama,2216173.0,INCOME,Gaji,BCA
2024-05-01,GoFood,16183.0,EXPENSE,Makan & Minum,OVO
2024-05-01,GrabFood,25703.0,EXPENSE,Makan & Minum,Gopay
2024-05-01,Alfamart,48745.0,EXPENSE,Belanja,BCA
2024-05-01,ATM,14508.0,EXPENSE,Lain-lain,Dompet Tunai
2024-05-01,Honor Kerja,1041770.0,INCOME,Gaji,Gopay
2024-05-02,McDonalds,74320.0,EXPENSE,Makan & Minum,BCA
2024-05-02,Pizza,25866.0,EXPENSE,Makan & Minum,Gopay
2024-05-02,Shopee,43108.0,EXPENSE,Belanja,OVO
2024-05-02,Kantin,27785.0,EXPENSE,Makan & Minum,Dompet Tunai
2024-05-02,Pertamax,17312.0,EXPENSE,Tagihan,Dompet Tunai
2024-05-02,Kantin,18827.0,EXPENSE,Makan & Minum,Dompet Tunai
2024-05-02,Warung Makan,50439.0,EXPENSE,Makan & Minum,OVO
2024-05-02,Bakmi,20977.0,EXPENSE,Makan & Minum,OVO
2024-05-02,Pertamax,37222.0,EXPENSE,Tagihan,Gopay
2024-05-02,Bioskop,128832.0,EXPENSE,Hiburan,OVO
2024-05-03,Kopi Kekinian,18510.0,EXPENSE,Makan & Minum,BCA
2024-05-03,Warung Makan,22595.0,EXPENSE,Makan & Minum,Dana
2024-05-03,Shopee,112171.0,EXPENSE,Belanja,OVO
2024-05-03,Uang Bulanan,1521126.0,INCOME,Gaji,Gopay
2024-05-03,Fotokopi,11466.0,EXPENSE,Lain-lain,Dompet Tunai
2024-05-03,Bensin,30137.0,EXPENSE,Tagihan,Dompet Tunai
2024-05-03,GoFood,16735.0,EXPENSE,Makan & Minum,Gopay
2024-05-03,Es Teh,11655.0,EXPENSE,Makan & Minum,Dompet Tunai
2024-05-03,Nasi Bungkus,9896.0,EXPENSE,Makan & Minum,Dompet Tunai
2024-05-03,Shampo,25275.0,EXPENSE,Belanja,Gopay
2024-05-04,Kost,501262.0,EXPENSE,Tagihan,Dompet Tunai
2024-05-04,Cafe,27781.0,EXPENSE,Makan & Minum,BCA
2024-05-04,Bioskop,138926.0,EXPENSE,Hiburan,Gopay
2024-05-04,GoFood,34851.0,EXPENSE,Makan & Minum,OVO
2024-05-04,Tokopedia,53673.0,EXPENSE,Belanja,OVO
2024-05-04,McDonalds,33462.0,EXPENSE,Makan & Minum,OVO
2024-05-04,Nasi Padang,24308.0,EXPENSE,Makan & Minum,BCA
2024-05-04,KFC,61147.0,EXPENSE,Makan & Minum,Gopay
2024-05-04,Bakmi,26927.0,EXPENSE,Makan & Minum,OVO
2024-05-04,Sewa Bulanan,1173509.0,EXPENSE,Tagihan,BCA
2024-05-05,Shampo,15934.0,EXPENSE,Belanja,Dompet Tunai
2024-05-05,Starbucks,29348.0,EXPENSE,Makan & Minum,OVO
2024-05-05,Warung Makan,27384.0,EXPENSE,Makan & Minum,BCA
2024-05-05,Print Tugas,11320.0,EXPENSE,Lain-lain,Dompet Tunai
2024-05-05,Indomaret,87631.0,EXPENSE,Belanja,BCA
2024-05-05,GoFood,29075.0,EXPENSE,Makan & Minum,OVO
2024-05-05,GoFood,26916.0,EXPENSE,Makan & Minum,OVO
2024-05-05,KFC,31040.0,EXPENSE,Makan & Minum,Gopay
2024-05-05,Kost,1280578.0,EXPENSE,Tagihan,BCA
2024-05-06,Warung Makan,24069.0,EXPENSE,Makan & Minum,BCA
2024-05-06,Pizza,16155.0,EXPENSE,Makan & Minum,OVO
2024-05-06,Sushi,39794.0,EXPENSE,Makan & Minum,OVO
2024-05-06,Kopi Kenangan,38976.0,EXPENSE,Makan & Minum,Gopay
2024-05-06,Karaoke,158037.0,EXPENSE,Hiburan,Dana
2024-05-06,Bensin,44803.0,EXPENSE,Tagihan,Dompet Tunai
2024-05-07,Top Up ML,20601.0,EXPENSE,Hiburan,BCA
2024-05-07,Bakmi,29278.0,EXPENSE,Makan & Minum,OVO
2024-05-07,GoFood,30650.0,EXPENSE,Makan & Minum,Dana
2024-05-07,Kopi Kenangan,70820.0,EXPENSE,Makan & Minum,BCA
2024-05-07,GoFood,48781.0,EXPENSE,Makan & Minum,OVO
2024-05-07,GoFood,33692.0,EXPENSE,Makan & Minum,BCA
2024-05-07,Netflix,43398.0,EXPENSE,Hiburan,Gopay
2024-05-08,Sushi,28362.0,EXPENSE,Makan & Minum,Dana
2024-05-08,Kopi Kekinian,22650.0,EXPENSE,Makan & Minum,BCA
2024-05-08,Warung Makan,73566.0,EXPENSE,Makan & Minum,Gopay
2024-05-08,Es Teh,12203.0,EXPENSE,Makan & Minum,Dompet Tunai
2024-05-08,Ongkos,11518.0,EXPENSE,Lain-lain,Gopay
2024-05-08,Bensin,35472.0,EXPENSE,Tagihan,Gopay
2024-05-08,Baju,48410.0,EXPENSE,Belanja,Gopay
2024-05-09,Sushi,64054.0,EXPENSE,Makan & Minum,OVO
2024-05-09,Warung Makan,46935.0,EXPENSE,Makan & Minum,BCA
2024-05-09,Tokopedia,139780.0,EXPENSE,Belanja,BCA
2024-05-09,Konser,150151.0,EXPENSE,Hiburan,OVO
2024-05-09,Parkir,13628.0,EXPENSE,Lain-lain,Gopay
2024-05-09,Kopi Kenangan,29438.0,EXPENSE,Makan & Minum,BCA
2024-05-09,Pertamax,21825.0,EXPENSE,Tagihan,Dompet Tunai
2024-05-09,Gorengan,21244.0,EXPENSE,Makan & Minum,Dompet Tunai
2024-05-09,Es Teh,12862.0,EXPENSE,Makan & Minum,Dompet Tunai
2024-05-10,Pulsa,88700.0,EXPENSE,Tagihan,BCA
2024-05-10,GoFood,29500.0,EXPENSE,Makan & Minum,Gopay
2024-05-10,GrabFood,23385.0,EXPENSE,Makan & Minum,Gopay
2024-05-10,Bensin,41879.0,EXPENSE,Tagihan,Dompet Tunai
2024-05-10,Kopi Kenangan,30004.0,EXPENSE,Makan & Minum,BCA
2024-05-10,Tokopedia,145122.0,EXPENSE,Belanja,Gopay
2024-05-10,GoFood,28873.0,EXPENSE,Makan & Minum,OVO
2024-05-10,Paket Data,32432.0,EXPENSE,Tagihan,Gopay
2024-05-10,Paket Data,47125.0,EXPENSE,Tagihan,Gopay
2024-05-11,KFC,74739.0,EXPENSE,Makan & Minum,OVO
2024-05-11,Warung Makan,17865.0,EXPENSE,Makan & Minum,Gopay
2024-05-11,Baju,95624.0,EXPENSE,Belanja,OVO
2024-05-11,Nasi Bungkus,24837.0,EXPENSE,Makan & Minum,Gopay
2024-05-11,Kopi Kenangan,68639.0,EXPENSE,Makan & Minum,Gopay
2024-05-11,Cafe,36555.0,EXPENSE,Makan & Minum,BCA
2024-05-11,Bubble Tea,26549.0,EXPENSE,Makan & Minum,Gopay
2024-05-12,Bakmi,32585.0,EXPENSE,Makan & Minum,Dana
2024-05-12,Nasi Padang,23326.0,EXPENSE,Makan & Minum,BCA
2024-05-12,Kopi Kekinian,34446.0,EXPENSE,Makan & Minum,OVO
2024-05-12,Warung Makan,22072.0,EXPENSE,Makan & Minum,Gopay
2024-05-13,GoFood,34182.0,EXPENSE,Makan & Minum,BCA
2024-05-13,Nasi Padang,25290.0,EXPENSE,Makan & Minum,Gopay
2024-05-13,Warung Makan,23330.0,EXPENSE,Makan & Minum,Gopay
2024-05-13,GrabFood,31116.0,EXPENSE,Makan & Minum,OVO
2024-05-13,Print Tugas,2180.0,EXPENSE,Lain-lain,Gopay
2024-05-13,Isi BBM,34067.0,EXPENSE,Tagihan,Gopay
2024-05-13,ATM,12782.0,EXPENSE,Lain-lain,Gopay
2024-05-13,Pertamax,31117.0,EXPENSE,Tagihan,Dompet Tunai
2024-05-14,KFC,32472.0,EXPENSE,Makan & Minum,OVO
2024-05-14,Pizza,26177.0,EXPENSE,Makan & Minum,Gopay
2024-05-14,Fotokopi,13169.0,EXPENSE,Lain-lain,Dompet Tunai
2024-05-14,Isi BBM,36832.0,EXPENSE,Tagihan,Gopay
2024-05-14,Starbucks,26133.0,EXPENSE,Makan & Minum,BCA
2024-05-14,Nasi Padang,48841.0,EXPENSE,Makan & Minum,BCA
2024-05-14,Grab Motor,10432.0,EXPENSE,Lain-lain,Gopay
2024-05-15,Sushi,30172.0,EXPENSE,Makan & Minum,Dana
2024-05-15,Gaji Part Time,1395643.0,INCOME,Gaji,Gopay
2024-05-15,Isi BBM,36168.0,EXPENSE,Tagihan,Dompet Tunai
2024-05-15,Mie Instan,6909.0,EXPENSE,Makan & Minum,Dompet Tunai
2024-05-15,Warung Nasi,9219.0,EXPENSE,Makan & Minum,BCA
2024-05-15,Nabung,90186.0,INCOME,Goals,BCA
2024-05-15,ATM,8103.0,EXPENSE,Lain-lain,Dompet Tunai
2024-05-15,Kopi Kekinian,30510.0,EXPENSE,Makan & Minum,BCA
2024-05-15,Konser,135893.0,EXPENSE,Hiburan,BCA
2024-05-15,Pizza,17346.0,EXPENSE,Makan & Minum,Gopay
2024-05-15,Kopi Kekinian,29075.0,EXPENSE,Makan & Minum,Gopay
2024-05-16,Isi BBM,34235.0,EXPENSE,Tagihan,Gopay
2024-05-16,GoFood,21295.0,EXPENSE,Makan & Minum,BCA
2024-05-16,Sushi,29680.0,EXPENSE,Makan & Minum,Gopay
2024-05-16,Pertamax,27442.0,EXPENSE,Tagihan,Dompet Tunai
2024-05-16,Shampo,29487.0,EXPENSE,Belanja,Dompet Tunai
2024-05-16,Kopi Kenangan,46004.0,EXPENSE,Makan & Minum,OVO
2024-05-16,Nasi Padang,19425.0,EXPENSE,Makan & Minum,Gopay
2024-05-16,Kopi Kekinian,33695.0,EXPENSE,Makan & Minum,BCA
2024-05-16,Game Online,49902.0,EXPENSE,Hiburan,OVO
2024-05-17,Game Online,64045.0,EXPENSE,Hiburan,OVO
2024-05-17,Sushi,66570.0,EXPENSE,Makan & Minum,Gopay
2024-05-17,Pizza,31432.0,EXPENSE,Makan & Minum,BCA
2024-05-17,Warung Makan,30148.0,EXPENSE,Makan & Minum,Gopay
2024-05-17,Nasi Padang,66799.0,EXPENSE,Makan & Minum,Gopay
2024-05-18,Warung Nasi,5607.0,EXPENSE,Makan & Minum,Dompet Tunai
2024-05-18,Kopi Kenangan,47601.0,EXPENSE,Makan & Minum,OVO
2024-05-18,GoFood,21217.0,EXPENSE,Makan & Minum,OVO
2024-05-18,Warung Makan,20805.0,EXPENSE,Makan & Minum,BCA
2024-05-18,Es Teh,11787.0,EXPENSE,Makan & Minum,Dompet Tunai
2024-05-18,GrabFood,68868.0,EXPENSE,Makan & Minum,Gopay
2024-05-19,GoFood,32678.0,EXPENSE,Makan & Minum,Dana
2024-05-19,GoFood,43335.0,EXPENSE,Makan & Minum,Gopay
2024-05-19,Bakmi,24300.0,EXPENSE,Makan & Minum,BCA
2024-05-19,Pizza,22464.0,EXPENSE,Makan & Minum,OVO
2024-05-19,Baju,49964.0,EXPENSE,Belanja,Gopay
2024-05-20,Netflix,79670.0,EXPENSE,Hiburan,Gopay
2024-05-20,Bubble Tea,56058.0,EXPENSE,Makan & Minum,BCA
2024-05-20,Nasi Padang,38853.0,EXPENSE,Makan & Minum,Gopay
2024-05-20,Kopi Kekinian,67526.0,EXPENSE,Makan & Minum,Gopay
2024-05-20,Bakmi,23896.0,EXPENSE,Makan & Minum,Gopay
2024-05-20,Warung Makan,56287.0,EXPENSE,Makan & Minum,Dana
2024-05-20,Bakmi,26573.0,EXPENSE,Makan & Minum,BCA
2024-05-20,Game Online,81406.0,EXPENSE,Hiburan,BCA
2024-05-20,Print Tugas,8339.0,EXPENSE,Lain-lain,Dompet Tunai
2024-05-21,Sushi,23576.0,EXPENSE,Makan & Minum,BCA
2024-05-21,Nasi Padang,74481.0,EXPENSE,Makan & Minum,OVO
2024-05-21,GoFood,44348.0,EXPENSE,Makan & Minum,OVO
2024-05-21,Isi BBM,28000.0,EXPENSE,Tagihan,Dompet Tunai
2024-05-21,Gorengan,10877.0,EXPENSE,Makan & Minum,Dompet Tunai
2024-05-21,Print Tugas,4495.0,EXPENSE,Lain-lain,Dompet Tunai
2024-05-21,Top Up ML,186959.0,EXPENSE,Hiburan,OVO
2024-05-21,GoFood,29057.0,EXPENSE,Makan & Minum,BCA
2024-05-21,GrabFood,32164.0,EXPENSE,Makan & Minum,Gopay
2024-05-21,Pizza,22543.0,EXPENSE,Makan & Minum,Gopay
2024-05-22,Nasi Bungkus,8904.0,EXPENSE,Makan & Minum,Gopay
2024-05-22,Nasi Bungkus,8603.0,EXPENSE,Makan & Minum,BCA
2024-05-22,Bakmi,23143.0,EXPENSE,Makan & Minum,Dana
2024-05-22,Warung Makan,25388.0,EXPENSE,Makan & Minum,Dana
2024-05-22,Nasi Padang,36689.0,EXPENSE,Makan & Minum,OVO
2024-05-22,Pertamax,28848.0,EXPENSE,Tagihan,Dompet Tunai
2024-05-23,Isi BBM,39773.0,EXPENSE,Tagihan,Dompet Tunai
2024-05-23,Warung Makan,68667.0,EXPENSE,Makan & Minum,BCA
2024-05-23,Bensin,17345.0,EXPENSE,Tagihan,Dompet Tunai
2024-05-23,Nasi Padang,39374.0,EXPENSE,Makan & Minum,OVO
2024-05-23,Cafe,35341.0,EXPENSE,Makan & Minum,OVO
2024-05-24,Bakmi,38830.0,EXPENSE,Makan & Minum,Gopay
2024-05-24,Starbucks,42977.0,EXPENSE,Makan & Minum,BCA
2024-05-24,Mie Instan,15272.0,EXPENSE,Makan & Minum,Dompet Tunai
2024-05-25,Nasi Padang,43286.0,EXPENSE,Makan & Minum,OVO
2024-05-25,Cafe,21186.0,EXPENSE,Makan & Minum,BCA
2024-05-25,Warung Makan,54778.0,EXPENSE,Makan & Minum,Gopay
2024-05-25,Kopi Kenangan,37617.0,EXPENSE,Makan & Minum,BCA
2024-05-25,McDonalds,33577.0,EXPENSE,Makan & Minum,Gopay
2024-05-25,Kopi Kekinian,26334.0,EXPENSE,Makan & Minum,OVO
2024-05-25,Kantin,6140.0,EXPENSE,Makan & Minum,BCA
2024-05-25,Mie Instan,9864.0,EXPENSE,Makan & Minum,Dompet Tunai
2024-05-26,Game Online,121861.0,EXPENSE,Hiburan,BCA
2024-05-26,Kopi Kekinian,27277.0,EXPENSE,Makan & Minum,BCA
2024-05-26,GoFood,44286.0,EXPENSE,Makan & Minum,BCA
2024-05-26,Bubble Tea,25016.0,EXPENSE,Makan & Minum,Gopay
2024-05-26,Warung Makan,30932.0,EXPENSE,Makan & Minum,BCA
2024-05-26,Kopi Kenangan,22809.0,EXPENSE,Makan & Minum,BCA
2024-05-26,Bakmi,31237.0,EXPENSE,Makan & Minum,OVO
2024-05-27,Tokopedia,73401.0,EXPENSE,Belanja,Dana
2024-05-27,Warung Makan,78858.0,EXPENSE,Makan & Minum,BCA
2024-05-27,Nasi Padang,24554.0,EXPENSE,Makan & Minum,BCA
2024-05-27,Pertamax,41718.0,EXPENSE,Tagihan,Dompet Tunai
2024-05-27,Spotify,58399.0,EXPENSE,Hiburan,Gopay
2024-05-27,Print Tugas,6940.0,EXPENSE,Lain-lain,Gopay
2024-05-27,Es Teh,12990.0,EXPENSE,Makan & Minum,BCA
2024-05-28,Fotokopi,9205.0,EXPENSE,Lain-lain,Dompet Tunai
2024-05-28,Warung Nasi,6670.0,EXPENSE,Makan & Minum,BCA
2024-05-28,Sushi,27469.0,EXPENSE,Makan & Minum,Gopay
2024-05-28,McDonalds,35208.0,EXPENSE,Makan & Minum,BCA
2024-05-28,Nasi Padang,20395.0,EXPENSE,Makan & Minum,Gopay
2024-05-28,Mie Instan,6570.0,EXPENSE,Makan & Minum,Gopay
2024-05-28,Netflix,92408.0,EXPENSE,Hiburan,OVO
2024-05-28,Dana Darurat,55462.0,INCOME,Goals,BCA
2024-05-29,Isi BBM,35368.0,EXPENSE,Tagihan,Gopay
2024-05-29,Netflix,55875.0,EXPENSE,Hiburan,BCA
2024-05-29,Kopi Kekinian,18392.0,EXPENSE,Makan & Minum,Gopay
2024-05-29,Aksesoris,99304.0,EXPENSE,Belanja,OVO
2024-05-29,Kopi Kenangan,43686.0,EXPENSE,Makan & Minum,OVO
2024-05-29,Fotokopi,14275.0,EXPENSE,Lain-lain,Dompet Tunai
2024-05-29,Warung Makan,29497.0,EXPENSE,Makan & Minum,Gopay
2024-05-30,Starbucks,58052.0,EXPENSE,Makan & Minum,BCA
2024-05-30,Kopi Kekinian,47186.0,EXPENSE,Makan & Minum,BCA
2024-05-30,Nasi Padang,65914.0,EXPENSE,Makan & Minum,Dana
2024-05-30,Isi BBM,20120.0,EXPENSE,Tagihan,Gopay
2024-05-31,KFC,33946.0,EXPENSE,Makan & Minum,BCA
2024-05-31,Warung Makan,57086.0,EXPENSE,Makan & Minum,OVO
2024-05-31,Nasi Bungkus,9288.0,EXPENSE,Makan & Minum,Dompet Tunai
2024-05-31,Bakmi,35356.0,EXPENSE,Makan & Minum,OVO
2024-05-31,Nasi Padang,28021.0,EXPENSE,Makan & Minum,BCA
2024-05-31,Isi BBM,49375.0,EXPENSE,Tagihan,Dompet Tunai
2024-05-31,Nasi Bungkus,12535.0,EXPENSE,Makan & Minum,BCA
2024-05-31,Cafe,73129.0,EXPENSE,Makan & Minum,Gopay
2024-06-01,Kopi Kenangan,30802.0,EXPENSE,Makan & Minum,BCA
2024-06-01,Cafe,47263.0,EXPENSE,Makan & Minum,Gopay
2024-06-01,Warung Makan,18599.0,EXPENSE,Makan & Minum,Gopay
2024-06-01,KFC,22300.0,EXPENSE,Makan & Minum,OVO
2024-06-01,Warung Nasi,10173.0,EXPENSE,Makan & Minum,BCA
2024-06-01,Es Teh,9017.0,EXPENSE,Makan & Minum,BCA
2024-06-01,Alfamart,27563.0,EXPENSE,Belanja,BCA
2024-06-01,GoFood,38569.0,EXPENSE,Makan & Minum,OVO
2024-06-02,Bakmi,27502.0,EXPENSE,Makan & Minum,OVO
2024-06-02,Bakmi,75955.0,EXPENSE,Makan & Minum,Gopay
2024-06-02,Grab Motor,9673.0,EXPENSE,Lain-lain,Gopay
2024-06-02,Nasi Padang,20054.0,EXPENSE,Makan & Minum,OVO
2024-06-02,Transfer Ortu,2728448.0,INCOME,Gaji,Gopay
2024-06-03,Kopi Kekinian,28549.0,EXPENSE,Makan & Minum,BCA
2024-06-03,Bensin,25258.0,EXPENSE,Tagihan,Gopay
2024-06-03,Bakmi,22407.0,EXPENSE,Makan & Minum,BCA
2024-06-03,Kopi Kenangan,34490.0,EXPENSE,Makan & Minum,OVO
2024-06-03,Kiriman Mama,2315468.0,INCOME,Gaji,Gopay
2024-06-03,GoFood,33288.0,EXPENSE,Makan & Minum,Gopay
2024-06-03,GrabFood,22100.0,EXPENSE,Makan & Minum,OVO
2024-06-03,Bensin,31972.0,EXPENSE,Tagihan,Gopay
2024-06-04,Aksesoris,27042.0,EXPENSE,Belanja,BCA
2024-06-04,GoFood,15491.0,EXPENSE,Makan & Minum,BCA
2024-06-04,Warung Makan,30447.0,EXPENSE,Makan & Minum,Gopay
2024-06-04,Sushi,72136.0,EXPENSE,Makan & Minum,Gopay
2024-06-04,Kopi Kenangan,38915.0,EXPENSE,Makan & Minum,Dana
2024-06-04,Bowling,137078.0,EXPENSE,Hiburan,Dana
2024-06-04,Fotokopi,11485.0,EXPENSE,Lain-lain,Dompet Tunai
2024-06-05,GoFood,36787.0,EXPENSE,Makan & Minum,Gopay
2024-06-05,Parkir,12225.0,EXPENSE,Lain-lain,Gopay
2024-06-05,Aksesoris,35733.0,EXPENSE,Belanja,Gopay
2024-06-05,Bensin,43407.0,EXPENSE,Tagihan,Gopay
2024-06-05,Pizza,16952.0,EXPENSE,Makan & Minum,BCA
2024-06-05,Cafe,35246.0,EXPENSE,Makan & Minum,OVO
2024-06-05,Nasi Padang,33219.0,EXPENSE,Makan & Minum,Dana
2024-06-05,Starbucks,40371.0,EXPENSE,Makan & Minum,OVO
2024-06-06,Warung Makan,38180.0,EXPENSE,Makan & Minum,BCA
2024-06-06,Cafe,41033.0,EXPENSE,Makan & Minum,Dana
2024-06-06,Bensin,42839.0,EXPENSE,Tagihan,Gopay
2024-06-06,Ongkos,6348.0,EXPENSE,Lain-lain,Gopay
2024-06-06,Nasi Padang,30955.0,EXPENSE,Makan & Minum,Gopay
2024-06-06,GrabFood,23643.0,EXPENSE,Makan & Minum,OVO
2024-06-06,Baju,51512.0,EXPENSE,Belanja,Gopay
2024-06-07,Warung Makan,32253.0,EXPENSE,Makan & Minum,OVO
2024-06-07,Pizza,48039.0,EXPENSE,Makan & Minum,Gopay
2024-06-07,GoFood,16251.0,EXPENSE,Makan & Minum,OVO
2024-06-07,Mie Instan,10117.0,EXPENSE,Makan & Minum,Gopay
2024-06-07,Warung Nasi,11357.0,EXPENSE,Makan & Minum,BCA
2024-06-07,Pertamax,40236.0,EXPENSE,Tagihan,Gopay
2024-06-07,Sushi,59028.0,EXPENSE,Makan & Minum,Dana
2024-06-07,Sushi,24454.0,EXPENSE,Makan & Minum,Gopay
2024-06-07,Isi BBM,42226.0,EXPENSE,Tagihan,Gopay
2024-06-08,GoFood,27290.0,EXPENSE,Makan & Minum,OVO
2024-06-08,Skincare,50958.0,EXPENSE,Belanja,BCA
2024-06-08,Warung Makan,62737.0,EXPENSE,Makan & Minum,BCA
2024-06-08,Starbucks,45192.0,EXPENSE,Makan & Minum,OVO
2024-06-08,GoFood,36622.0,EXPENSE,Makan & Minum,OVO
2024-06-08,McDonalds,39714.0,EXPENSE,Makan & Minum,Gopay
2024-06-08,Kopi Kenangan,32272.0,EXPENSE,Makan & Minum,Dana
2024-06-09,Game Online,143739.0,EXPENSE,Hiburan,BCA
2024-06-09,Pizza,47583.0,EXPENSE,Makan & Minum,OVO
2024-06-09,Pizza,26098.0,EXPENSE,Makan & Minum,BCA
2024-06-09,Starbucks,27495.0,EXPENSE,Makan & Minum,Gopay
2024-06-09,Warung Makan,29243.0,EXPENSE,Makan & Minum,OVO
2024-06-09,Warung Makan,50027.0,EXPENSE,Makan & Minum,BCA
2024-06-09,Alfamart,47635.0,EXPENSE,Belanja,OVO
2024-06-10,Warteg,9487.0,EXPENSE,Makan & Minum,Gopay
2024-06-10,Kantin,20085.0,EXPENSE,Makan & Minum,Gopay
2024-06-10,Pulsa,22007.0,EXPENSE,Tagihan,BCA
2024-06-10,Bakmi,20234.0,EXPENSE,Makan & Minum,Dana
2024-06-10,Sushi,23755.0,EXPENSE,Makan & Minum,Dana
2024-06-10,GoFood,65385.0,EXPENSE,Makan & Minum,OVO
2024-06-10,Pizza,31798.0,EXPENSE,Makan & Minum,Gopay
2024-06-10,KFC,36234.0,EXPENSE,Makan & Minum,BCA
2024-06-10,Bensin,40752.0,EXPENSE,Tagihan,Gopay
2024-06-10,Pulsa,55235.0,EXPENSE,Tagihan,Gopay
2024-06-10,Paket Data,70714.0,EXPENSE,Tagihan,BCA
2024-06-11,GrabFood,25841.0,EXPENSE,Makan & Minum,OVO
2024-06-11,Bakmi,29747.0,EXPENSE,Makan & Minum,Gopay
2024-06-11,Warung Makan,26848.0,EXPENSE,Makan & Minum,Gopay
2024-06-11,Skincare,36410.0,EXPENSE,Belanja,OVO
2024-06-11,Kopi Kekinian,19371.0,EXPENSE,Makan & Minum,Gopay
2024-06-12,Tokopedia,66012.0,EXPENSE,Belanja,OVO
2024-06-12,Pertamax,24872.0,EXPENSE,Tagihan,Gopay
2024-06-12,Nasi Padang,22526.0,EXPENSE,Makan & Minum,BCA
2024-06-12,Kopi Kenangan,31066.0,EXPENSE,Makan & Minum,OVO
2024-06-12,Isi BBM,36972.0,EXPENSE,Tagihan,Gopay
2024-06-13,Warung Makan,25646.0,EXPENSE,Makan & Minum,Gopay
2024-06-13,Kopi Kekinian,22013.0,EXPENSE,Makan & Minum,Gopay
2024-06-13,KFC,30697.0,EXPENSE,Makan & Minum,Gopay
2024-06-13,Ongkos,7512.0,EXPENSE,Lain-lain,Gopay
2024-06-13,Pertamax,24141.0,EXPENSE,Tagihan,Gopay
2024-06-13,Starbucks,30789.0,EXPENSE,Makan & Minum,BCA
2024-06-14,Warung Makan,22722.0,EXPENSE,Makan & Minum,Gopay
2024-06-14,Isi BBM,46570.0,EXPENSE,Tagihan,Dompet Tunai
2024-06-14,Nasi Padang,17538.0,EXPENSE,Makan & Minum,Gopay
2024-06-14,GrabFood,30714.0,EXPENSE,Makan & Minum,BCA
2024-06-14,Sushi,25930.0,EXPENSE,Makan & Minum,Dana
2024-06-14,Warung Nasi,7148.0,EXPENSE,Makan & Minum,Dompet Tunai
2024-06-14,Grab Motor,3824.0,EXPENSE,Lain-lain,Dompet Tunai
2024-06-14,Warung Makan,68334.0,EXPENSE,Makan & Minum,OVO
2024-06-14,GoFood,28586.0,EXPENSE,Makan & Minum,Gopay
2024-06-15,Nasi Padang,23867.0,EXPENSE,Makan & Minum,Gopay
2024-06-15,Starbucks,24849.0,EXPENSE,Makan & Minum,Dana
2024-06-15,GoFood,32603.0,EXPENSE,Makan & Minum,BCA
2024-06-15,ATM,3211.0,EXPENSE,Lain-lain,Dompet Tunai
2024-06-15,Karaoke,57050.0,EXPENSE,Hiburan,OVO
2024-06-15,Nabung,51237.0,INCOME,Goals,BCA
2024-06-15,Bubble Tea,20565.0,EXPENSE,Makan & Minum,BCA
2024-06-15,Starbucks,77962.0,EXPENSE,Makan & Minum,Dana
2024-06-16,Bakmi,30825.0,EXPENSE,Makan & Minum,OVO
2024-06-16,ATM,12191.0,EXPENSE,Lain-lain,Dompet Tunai
2024-06-16,Pizza,17612.0,EXPENSE,Makan & Minum,BCA
2024-06-16,McDonalds,21457.0,EXPENSE,Makan & Minum,BCA
2024-06-16,Kopi Kekinian,22954.0,EXPENSE,Makan & Minum,Gopay
2024-06-16,Bakmi,24644.0,EXPENSE,Makan & Minum,BCA
2024-06-16,Lazada,135845.0,EXPENSE,Belanja,Gopay
2024-06-16,Nasi Padang,79160.0,EXPENSE,Makan & Minum,BCA
2024-06-17,Nasi Padang,44122.0,EXPENSE,Makan & Minum,OVO
2024-06-17,Bakmi,37310.0,EXPENSE,Makan & Minum,BCA
2024-06-17,Top Up ML,59716.0,EXPENSE,Hiburan,OVO
2024-06-17,Bensin,37437.0,EXPENSE,Tagihan,Gopay
2024-06-17,Gorengan,9577.0,EXPENSE,Makan & Minum,Gopay
2024-06-17,GoFood,32532.0,EXPENSE,Makan & Minum,OVO
2024-06-17,McDonalds,33188.0,EXPENSE,Makan & Minum,Gopay
2024-06-17,Kantin,6181.0,EXPENSE,Makan & Minum,Dompet Tunai
2024-06-17,Kopi Kekinian,53261.0,EXPENSE,Makan & Minum,Gopay
2024-06-18,Warung Makan,25604.0,EXPENSE,Makan & Minum,BCA
2024-06-18,Ongkos,5765.0,EXPENSE,Lain-lain,Gopay
2024-06-18,Clubbing,139813.0,EXPENSE,Hiburan,Gopay
2024-06-18,Bakmi,44045.0,EXPENSE,Makan & Minum,OVO
2024-06-18,KFC,38118.0,EXPENSE,Makan & Minum,OVO
2024-06-18,Warung Makan,26577.0,EXPENSE,Makan & Minum,BCA
2024-06-18,Aksesoris,44204.0,EXPENSE,Belanja,Gopay
2024-06-19,Warung Nasi,7940.0,EXPENSE,Makan & Minum,BCA
2024-06-19,Fotokopi,13558.0,EXPENSE,Lain-lain,Gopay
2024-06-19,Tokopedia,122458.0,EXPENSE,Belanja,Dana
2024-06-19,Isi BBM,32743.0,EXPENSE,Tagihan,Gopay
2024-06-19,Ongkos,2110.0,EXPENSE,Lain-lain,Gopay
2024-06-19,Nasi Padang,70561.0,EXPENSE,Makan & Minum,Dana
2024-06-19,Kopi Kenangan,31807.0,EXPENSE,Makan & Minum,Gopay
2024-06-19,Sushi,32133.0,EXPENSE,Makan & Minum,Gopay
2024-06-19,GoFood,50323.0,EXPENSE,Makan & Minum,Gopay
2024-06-20,Warung Nasi,23213.0,EXPENSE,Makan & Minum,BCA
2024-06-20,Nasi Padang,47230.0,EXPENSE,Makan & Minum,Gopay
2024-06-20,Cafe,56486.0,EXPENSE,Makan & Minum,Dana
2024-06-20,Konser,83428.0,EXPENSE,Hiburan,OVO
2024-06-20,Sushi,32562.0,EXPENSE,Makan & Minum,Gopay
2024-06-20,Fotokopi,10380.0,EXPENSE,Lain-lain,Gopay
2024-06-20,Kopi Kekinian,39926.0,EXPENSE,Makan & Minum,BCA
2024-06-20,GoFood,32199.0,EXPENSE,Makan & Minum,Gopay
2024-06-20,Kopi Kekinian,18027.0,EXPENSE,Makan & Minum,OVO
2024-06-20,Warteg,10731.0,EXPENSE,Makan & Minum,Dompet Tunai
2024-06-21,Nasi Padang,37270.0,EXPENSE,Makan & Minum,Dana
2024-06-21,Alfamart,96147.0,EXPENSE,Belanja,BCA
2024-06-21,Starbucks,35619.0,EXPENSE,Makan & Minum,Dana
2024-06-21,Warung Makan,19109.0,EXPENSE,Makan & Minum,Gopay
2024-06-21,GrabFood,30579.0,EXPENSE,Makan & Minum,OVO
2024-06-21,Starbucks,35372.0,EXPENSE,Makan & Minum,OVO
2024-06-22,Kopi Kenangan,22026.0,EXPENSE,Makan & Minum,Dana
2024-06-22,Starbucks,29944.0,EXPENSE,Makan & Minum,Dana
2024-06-22,Nongkrong Cafe,83107.0,EXPENSE,Hiburan,Dana
2024-06-22,Es Teh,8252.0,EXPENSE,Makan & Minum,Gopay
2024-06-22,Kopi Kekinian,17640.0,EXPENSE,Makan & Minum,BCA
2024-06-22,Skincare,96129.0,EXPENSE,Belanja,Gopay
2024-06-22,Parkir,2179.0,EXPENSE,Lain-lain,Gopay
2024-06-22,GrabFood,70549.0,EXPENSE,Makan & Minum,BCA
2024-06-23,Gorengan,13900.0,EXPENSE,Makan & Minum,Dompet Tunai
2024-06-23,Gorengan,13660.0,EXPENSE,Makan & Minum,BCA
2024-06-23,Skincare,60369.0,EXPENSE,Belanja,BCA
2024-06-23,Warung Makan,25132.0,EXPENSE,Makan & Minum,BCA
2024-06-24,KFC,38161.0,EXPENSE,Makan & Minum,Gopay
2024-06-24,Pertamax,16277.0,EXPENSE,Tagihan,Gopay
2024-06-24,Isi BBM,22591.0,EXPENSE,Tagihan,Dompet Tunai
2024-06-24,Nasi Padang,22915.0,EXPENSE,Makan & Minum,BCA
2024-06-24,Kopi Kenangan,23972.0,EXPENSE,Makan & Minum,Dana
2024-06-24,Isi BBM,41729.0,EXPENSE,Tagihan,Gopay
2024-06-25,Nasi Padang,28161.0,EXPENSE,Makan & Minum,Gopay
2024-06-25,Warung Nasi,10319.0,EXPENSE,Makan & Minum,Dompet Tunai
2024-06-25,Bensin,44115.0,EXPENSE,Tagihan,Dompet Tunai
2024-06-25,GoFood,28807.0,EXPENSE,Makan & Minum,OVO
2024-06-25,GoFood,36665.0,EXPENSE,Makan & Minum,OVO
2024-06-25,GrabFood,17320.0,EXPENSE,Makan & Minum,BCA
2024-06-25,Warung Makan,46200.0,EXPENSE,Makan & Minum,Gopay
2024-06-25,Karaoke,111195.0,EXPENSE,Hiburan,Gopay
2024-06-26,McDonalds,22437.0,EXPENSE,Makan & Minum,OVO
2024-06-26,GrabFood,30429.0,EXPENSE,Makan & Minum,BCA
2024-06-26,GoFood,20440.0,EXPENSE,Makan & Minum,BCA
2024-06-26,Bensin,28004.0,EXPENSE,Tagihan,Dompet Tunai
2024-06-26,Warung Makan,39638.0,EXPENSE,Makan & Minum,Dana
2024-06-26,Sushi,31618.0,EXPENSE,Makan & Minum,BCA
2024-06-26,Skincare,58416.0,EXPENSE,Belanja,Gopay
2024-06-26,Karaoke,77899.0,EXPENSE,Hiburan,OVO
2024-06-27,GrabFood,15051.0,EXPENSE,Makan & Minum,Gopay
2024-06-27,GoFood,17058.0,EXPENSE,Makan & Minum,Gopay
2024-06-27,Alfamart,18006.0,EXPENSE,Belanja,OVO
2024-06-27,Nasi Bungkus,5233.0,EXPENSE,Makan & Minum,BCA
2024-06-27,Nasi Padang,34167.0,EXPENSE,Makan & Minum,Gopay
2024-06-27,Nasi Padang,32082.0,EXPENSE,Makan & Minum,OVO
2024-06-27,Cafe,31485.0,EXPENSE,Makan & Minum,Dana
2024-06-27,Game Online,69787.0,EXPENSE,Hiburan,Gopay
2024-06-28,Warung Makan,25522.0,EXPENSE,Makan & Minum,Gopay
2024-06-28,Nasi Padang,21276.0,EXPENSE,Makan & Minum,Gopay
2024-06-28,Mie Instan,6440.0,EXPENSE,Makan & Minum,BCA
2024-06-28,Transfer Ortu,1113928.0,INCOME,Gaji,BCA
2024-06-28,Netflix,132584.0,EXPENSE,Hiburan,BCA
2024-06-28,Pertamax,49628.0,EXPENSE,Tagihan,Dompet Tunai
2024-06-28,GrabFood,17388.0,EXPENSE,Makan & Minum,Gopay
2024-06-28,McDonalds,29406.0,EXPENSE,Makan & Minum,Gopay
2024-06-28,Simpanan,42702.0,INCOME,Goals,BCA
2024-06-28,Nabung,79160.0,INCOME,Goals,BCA
2024-06-29,KFC,51401.0,EXPENSE,Makan & Minum,OVO
2024-06-29,KFC,25931.0,EXPENSE,Makan & Minum,Gopay
2024-06-29,Sushi,37519.0,EXPENSE,Makan & Minum,OVO
2024-06-29,Pizza,49731.0,EXPENSE,Makan & Minum,Gopay
2024-06-29,Nasi Padang,33493.0,EXPENSE,Makan & Minum,OVO
2024-06-29,Alfamart,15321.0,EXPENSE,Belanja,Dompet Tunai
2024-06-30,Top Up ML,68916.0,EXPENSE,Hiburan,OVO
2024-06-30,Kopi Kenangan,70179.0,EXPENSE,Makan & Minum,Gopay
2024-06-30,Starbucks,30595.0,EXPENSE,Makan & Minum,OVO
2024-06-30,Starbucks,64061.0,EXPENSE,Makan & Minum,OVO
2024-06-30,Nongkrong Cafe,151160.0,EXPENSE,Hiburan,BCA
2024-06-30,Aksesoris,94620.0,EXPENSE,Belanja,Dana
2024-06-30,Alfamart,23803.0,EXPENSE,Belanja,Gopay
2024-06-30,Ongkos,14781.0,EXPENSE,Lain-lain,Dompet Tunai
2024-07-01,Transfer Ortu,2958839.0,INCOME,Gaji,BCA
2024-07-01,Warung Makan,32946.0,EXPENSE,Makan & Minum,BCA
2024-07-01,Pertamax,31698.0,EXPENSE,Tagihan,Gopay
2024-07-01,Beasiswa,1069534.0,INCOME,Gaji,BCA
2024-07-01,Warung Nasi,5655.0,EXPENSE,Makan & Minum,Dompet Tunai
2024-07-01,Top Up,29087.0,EXPENSE,Hiburan,Gopay
2024-07-01,Freelance,896957.0,INCOME,Gaji,Gopay
2024-07-01,Warung Makan,57214.0,EXPENSE,Makan & Minum,Dana
2024-07-01,GoFood,50420.0,EXPENSE,Makan & Minum,OVO
2024-07-01,Nongkrong Cafe,155327.0,EXPENSE,Hiburan,BCA
2024-07-01,Skincare,27917.0,EXPENSE,Belanja,Gopay
2024-07-02,Print Tugas,4450.0,EXPENSE,Lain-lain,Dompet Tunai
2024-07-02,Warteg,6424.0,EXPENSE,Makan & Minum,BCA
2024-07-02,Nasi Padang,20252.0,EXPENSE,Makan & Minum,Dana
2024-07-02,Warteg,13463.0,EXPENSE,Makan & Minum,BCA
2024-07-02,KFC,19672.0,EXPENSE,Makan & Minum,Gopay
2024-07-02,Bubble Tea,31016.0,EXPENSE,Makan & Minum,BCA
2024-07-02,Transfer Ortu,2152474.0,INCOME,Gaji,BCA
2024-07-02,Tokopedia,53213.0,EXPENSE,Belanja,BCA
2024-07-03,Uang Bulanan,2177876.0,INCOME,Gaji,Gopay
2024-07-03,GrabFood,62442.0,EXPENSE,Makan & Minum,Gopay
2024-07-03,Bensin,44223.0,EXPENSE,Tagihan,Dompet Tunai
2024-07-03,Starbucks,37829.0,EXPENSE,Makan & Minum,OVO
2024-07-03,Grab Motor,13110.0,EXPENSE,Lain-lain,Gopay
2024-07-03,Pertamax,20969.0,EXPENSE,Tagihan,Gopay
2024-07-03,Game,11833.0,EXPENSE,Hiburan,Dompet Tunai
2024-07-03,Mie Instan,13294.0,EXPENSE,Makan & Minum,Gopay
2024-07-03,Starbucks,37442.0,EXPENSE,Makan & Minum,BCA
2024-07-03,Indomaret,37114.0,EXPENSE,Belanja,Gopay
2024-07-04,Warung Nasi,10103.0,EXPENSE,Makan & Minum,BCA
2024-07-04,Sewa Bulanan,1174448.0,EXPENSE,Tagihan,BCA
2024-07-04,ATM,7765.0,EXPENSE,Lain-lain,Gopay
2024-07-04,Alfamart,21374.0,EXPENSE,Belanja,Gopay
2024-07-04,GrabFood,17429.0,EXPENSE,Makan & Minum,Gopay
2024-07-04,Bakmi,38005.0,EXPENSE,Makan & Minum,OVO
2024-07-04,Bensin,25876.0,EXPENSE,Tagihan,Dompet Tunai
2024-07-04,Nasi Padang,39947.0,EXPENSE,Makan & Minum,Dana
2024-07-04,Mie Instan,10631.0,EXPENSE,Makan & Minum,BCA
2024-07-04,Ongkos,2851.0,EXPENSE,Lain-lain,Gopay
2024-07-05,Fotokopi,6979.0,EXPENSE,Lain-lain,Dompet Tunai
2024-07-05,Skincare,90036.0,EXPENSE,Belanja,BCA
2024-07-05,Spotify,100207.0,EXPENSE,Hiburan,OVO
2024-07-05,Bayar Kost,1154996.0,EXPENSE,Tagihan,Dompet Tunai
2024-07-05,Nasi Padang,62329.0,EXPENSE,Makan & Minum,BCA
2024-07-05,Kopi Kekinian,57955.0,EXPENSE,Makan & Minum,BCA
2024-07-05,Pizza,17451.0,EXPENSE,Makan & Minum,Gopay
2024-07-05,Pertamax,28014.0,EXPENSE,Tagihan,Dompet Tunai
2024-07-05,Sushi,23767.0,EXPENSE,Makan & Minum,Gopay
2024-07-05,Bakmi,38332.0,EXPENSE,Makan & Minum,Gopay
2024-07-06,Bubble Tea,30638.0,EXPENSE,Makan & Minum,BCA
2024-07-06,Warung Makan,27615.0,EXPENSE,Makan & Minum,Gopay
2024-07-06,Sushi,65054.0,EXPENSE,Makan & Minum,Dana
2024-07-06,Bakmi,29809.0,EXPENSE,Makan & Minum,Gopay
2024-07-06,Sushi,29682.0,EXPENSE,Makan & Minum,BCA
2024-07-06,Indomaret,65755.0,EXPENSE,Belanja,Gopay
2024-07-06,Warung Makan,24694.0,EXPENSE,Makan & Minum,BCA
2024-07-07,Kantin,14140.0,EXPENSE,Makan & Minum,Gopay
2024-07-07,Warung Nasi,11088.0,EXPENSE,Makan & Minum,BCA
2024-07-07,Gorengan,9132.0,EXPENSE,Makan & Minum,Gopay
2024-07-07,Kopi Kenangan,23762.0,EXPENSE,Makan & Minum,BCA
2024-07-07,KFC,25589.0,EXPENSE,Makan & Minum,Gopay
2024-07-07,Top Up ML,51350.0,EXPENSE,Hiburan,OVO
2024-07-07,ATM,10466.0,EXPENSE,Lain-lain,Gopay
2024-07-08,Cafe,78567.0,EXPENSE,Makan & Minum,Dana
2024-07-08,Sepatu,108547.0,EXPENSE,Belanja,Gopay
2024-07-08,Pertamax,37034.0,EXPENSE,Tagihan,Gopay
2024-07-08,Bubble Tea,47720.0,EXPENSE,Makan & Minum,OVO
2024-07-08,Alfamart,89938.0,EXPENSE,Belanja,BCA
2024-07-08,Kopi Kekinian,68860.0,EXPENSE,Makan & Minum,BCA
2024-07-08,Nasi Padang,34831.0,EXPENSE,Makan & Minum,Gopay
2024-07-08,Warung Makan,41119.0,EXPENSE,Makan & Minum,Dana
2024-07-09,Fotokopi,10847.0,EXPENSE,Lain-lain,Dompet Tunai
2024-07-09,Es Teh,13391.0,EXPENSE,Makan & Minum,Gopay
2024-07-09,Mie Instan,6248.0,EXPENSE,Makan & Minum,BCA
2024-07-09,Bensin,36490.0,EXPENSE,Tagihan,Dompet Tunai
2024-07-09,Kopi Kenangan,24121.0,EXPENSE,Makan & Minum,BCA
2024-07-09,Cafe,31423.0,EXPENSE,Makan & Minum,Gopay
2024-07-09,Kopi Kenangan,34248.0,EXPENSE,Makan & Minum,OVO
2024-07-09,GrabFood,59067.0,EXPENSE,Makan & Minum,OVO
2024-07-10,Warung Makan,28457.0,EXPENSE,Makan & Minum,OVO
2024-07-10,Warung Makan,33067.0,EXPENSE,Makan & Minum,Dana
2024-07-10,Netflix,84422.0,EXPENSE,Tagihan,BCA
2024-07-10,Nasi Padang,58464.0,EXPENSE,Makan & Minum,Gopay
2024-07-10,Pulsa,57231.0,EXPENSE,Tagihan,BCA
2024-07-10,Bubble Tea,67097.0,EXPENSE,Makan & Minum,Gopay
2024-07-10,Warung Nasi,14673.0,EXPENSE,Makan & Minum,Dompet Tunai
2024-07-10,Kantin,13084.0,EXPENSE,Makan & Minum,BCA
2024-07-10,Pulsa,18922.0,EXPENSE,Tagihan,BCA
2024-07-10,Fotokopi,9398.0,EXPENSE,Lain-lain,Dompet Tunai
2024-07-10,GoFood,45667.0,EXPENSE,Makan & Minum,BCA
2024-07-11,Starbucks,70685.0,EXPENSE,Makan & Minum,OVO
2024-07-11,Starbucks,44575.0,EXPENSE,Makan & Minum,Dana
2024-07-11,Pizza,30837.0,EXPENSE,Makan & Minum,OVO
2024-07-11,Pertamax,16924.0,EXPENSE,Tagihan,Gopay
2024-07-11,Warteg,11722.0,EXPENSE,Makan & Minum,Gopay
2024-07-11,Starbucks,61478.0,EXPENSE,Makan & Minum,BCA
2024-07-12,Bakmi,31095.0,EXPENSE,Makan & Minum,OVO
2024-07-12,Sushi,70440.0,EXPENSE,Makan & Minum,OVO
2024-07-12,Bensin,20951.0,EXPENSE,Tagihan,Dompet Tunai
2024-07-12,Bowling,63515.0,EXPENSE,Hiburan,BCA
2024-07-12,Ongkos,11999.0,EXPENSE,Lain-lain,Gopay
2024-07-12,Bakmi,79822.0,EXPENSE,Makan & Minum,Dana
2024-07-13,GrabFood,22832.0,EXPENSE,Makan & Minum,Gopay
2024-07-13,ATM,3011.0,EXPENSE,Lain-lain,Dompet Tunai
2024-07-13,KFC,33421.0,EXPENSE,Makan & Minum,OVO
2024-07-13,Starbucks,25016.0,EXPENSE,Makan & Minum,BCA
2024-07-13,Starbucks,40568.0,EXPENSE,Makan & Minum,BCA
2024-07-13,Gorengan,11145.0,EXPENSE,Makan & Minum,Gopay
2024-07-13,Nasi Bungkus,5020.0,EXPENSE,Makan & Minum,Gopay
2024-07-13,Es Teh,11500.0,EXPENSE,Makan & Minum,Dompet Tunai
2024-07-13,Cafe,38031.0,EXPENSE,Makan & Minum,Dana
2024-07-13,GrabFood,18554.0,EXPENSE,Makan & Minum,OVO
2024-07-14,Cafe,78567.0,EXPENSE,Makan & Minum,Gopay
2024-07-14,Bioskop,126816.0,EXPENSE,Hiburan,OVO
2024-07-14,Warung Makan,49831.0,EXPENSE,Makan & Minum,OVO
2024-07-14,Cafe,34424.0,EXPENSE,Makan & Minum,Dana
2024-07-15,Bowling,23563.0,EXPENSE,Hiburan,Dana
2024-07-15,Isi BBM,28776.0,EXPENSE,Tagihan,Dompet Tunai
2024-07-15,Sushi,49346.0,EXPENSE,Makan & Minum,Gopay
2024-07-15,Uang Bulanan,1306856.0,INCOME,Gaji,Gopay
2024-07-15,McDonalds,37712.0,EXPENSE,Makan & Minum,Gopay
2024-07-15,Pizza,15963.0,EXPENSE,Makan & Minum,OVO
2024-07-15,Bensin,47691.0,EXPENSE,Tagihan,Dompet Tunai
2024-07-15,Kopi Kenangan,36274.0,EXPENSE,Makan & Minum,OVO
2024-07-16,Warung Makan,33658.0,EXPENSE,Makan & Minum,BCA
2024-07-16,Isi BBM,25596.0,EXPENSE,Tagihan,Dompet Tunai
2024-07-16,Aksesoris,149888.0,EXPENSE,Belanja,OVO
2024-07-16,Bakmi,32734.0,EXPENSE,Makan & Minum,OVO
2024-07-16,GrabFood,15668.0,EXPENSE,Makan & Minum,BCA
2024-07-16,Indomaret,29459.0,EXPENSE,Belanja,BCA
2024-07-16,Parkir,9112.0,EXPENSE,Lain-lain,Gopay
2024-07-16,Pizza,19512.0,EXPENSE,Makan & Minum,Gopay
2024-07-17,KFC,43222.0,EXPENSE,Makan & Minum,BCA
2024-07-17,Nasi Padang,70590.0,EXPENSE,Makan & Minum,Gopay
2024-07-17,Kopi Kekinian,29090.0,EXPENSE,Makan & Minum,OVO
2024-07-17,Bakmi,28355.0,EXPENSE,Makan & Minum,Dana
2024-07-17,GoFood,65060.0,EXPENSE,Makan & Minum,Dana
2024-07-17,GoFood,58397.0,EXPENSE,Makan & Minum,Dana
2024-07-18,Starbucks,24270.0,EXPENSE,Makan & Minum,Dana
2024-07-18,Pertamax,31308.0,EXPENSE,Tagihan,Dompet Tunai
2024-07-18,Game Online,80783.0,EXPENSE,Hiburan,OVO
2024-07-18,Pizza,57871.0,EXPENSE,Makan & Minum,Gopay
2024-07-18,Warung Nasi,21479.0,EXPENSE,Makan & Minum,Gopay
2024-07-18,Isi BBM,18575.0,EXPENSE,Tagihan,Dompet Tunai
2024-07-18,Sushi,30964.0,EXPENSE,Makan & Minum,BCA
2024-07-18,GoFood,35153.0,EXPENSE,Makan & Minum,BCA
2024-07-18,Es Teh,14351.0,EXPENSE,Makan & Minum,Dompet Tunai
2024-07-18,GoFood,68504.0,EXPENSE,Makan & Minum,BCA
2024-07-19,Pertamax,40883.0,EXPENSE,Tagihan,Gopay
2024-07-19,Parkir,5423.0,EXPENSE,Lain-lain,Dompet Tunai
2024-07-19,Warung Nasi,9385.0,EXPENSE,Makan & Minum,Gopay
2024-07-19,Pizza,22949.0,EXPENSE,Makan & Minum,OVO
2024-07-19,Pizza,34541.0,EXPENSE,Makan & Minum,Gopay
2024-07-19,Starbucks,48258.0,EXPENSE,Makan & Minum,BCA
2024-07-19,Bensin,41701.0,EXPENSE,Tagihan,Gopay
2024-07-19,Starbucks,36017.0,EXPENSE,Makan & Minum,Dana
2024-07-19,Starbucks,33613.0,EXPENSE,Makan & Minum,Dana
2024-07-20,GoFood,18023.0,EXPENSE,Makan & Minum,Gopay
2024-07-20,Nasi Padang,26266.0,EXPENSE,Makan & Minum,OVO
2024-07-20,Cafe,40347.0,EXPENSE,Makan & Minum,BCA
2024-07-20,Kopi Kenangan,20706.0,EXPENSE,Makan & Minum,Gopay
2024-07-20,Kopi Kekinian,37439.0,EXPENSE,Makan & Minum,OVO
2024-07-20,Kopi Kekinian,31164.0,EXPENSE,Makan & Minum,OVO
2024-07-21,Ongkos,10140.0,EXPENSE,Lain-lain,Gopay
2024-07-21,Starbucks,23196.0,EXPENSE,Makan & Minum,OVO
2024-07-21,GrabFood,16579.0,EXPENSE,Makan & Minum,OVO
2024-07-21,Nasi Padang,25336.0,EXPENSE,Makan & Minum,Gopay
2024-07-21,Nasi Padang,23981.0,EXPENSE,Makan & Minum,Gopay
2024-07-21,Skincare,21661.0,EXPENSE,Belanja,OVO
2024-07-21,Bakmi,38090.0,EXPENSE,Makan & Minum,Dana
2024-07-21,Warung Makan,23504.0,EXPENSE,Makan & Minum,Gopay
2024-07-22,Aksesoris,92705.0,EXPENSE,Belanja,Gopay
2024-07-22,Ongkos,7166.0,EXPENSE,Lain-lain,Dompet Tunai
2024-07-22,GoFood,39666.0,EXPENSE,Makan & Minum,Gopay
2024-07-22,Bakmi,22933.0,EXPENSE,Makan & Minum,Gopay
2024-07-22,Sushi,22712.0,EXPENSE,Makan & Minum,Dana
2024-07-22,Bensin,39178.0,EXPENSE,Tagihan,Dompet Tunai
2024-07-22,Nasi Bungkus,27749.0,EXPENSE,Makan & Minum,BCA
2024-07-22,Parkir,14614.0,EXPENSE,Lain-lain,Dompet Tunai
2024-07-23,Skincare,74306.0,EXPENSE,Belanja,OVO
2024-07-23,ATM,10100.0,EXPENSE,Lain-lain,Dompet Tunai
2024-07-23,Kopi Kenangan,26414.0,EXPENSE,Makan & Minum,BCA
2024-07-23,Kopi Kenangan,38335.0,EXPENSE,Makan & Minum,OVO
2024-07-23,Starbucks,21378.0,EXPENSE,Makan & Minum,BCA
2024-07-24,GoFood,26654.0,EXPENSE,Makan & Minum,Gopay
2024-07-24,Game Online,132772.0,EXPENSE,Hiburan,BCA
2024-07-24,Cafe,38086.0,EXPENSE,Makan & Minum,Dana
2024-07-24,GoFood,23338.0,EXPENSE,Makan & Minum,BCA
2024-07-24,Nasi Padang,79846.0,EXPENSE,Makan & Minum,Gopay
2024-07-24,Lazada,147172.0,EXPENSE,Belanja,Gopay
2024-07-24,Pertamax,31452.0,EXPENSE,Tagihan,Gopay
2024-07-25,Kopi Kekinian,18444.0,EXPENSE,Makan & Minum,Gopay
2024-07-25,Kopi Kekinian,28616.0,EXPENSE,Makan & Minum,Gopay
2024-07-25,Konser,149441.0,EXPENSE,Hiburan,OVO
2024-07-25,Sushi,26713.0,EXPENSE,Makan & Minum,Dana
2024-07-25,Cafe,27600.0,EXPENSE,Makan & Minum,BCA
2024-07-25,Warung Nasi,6080.0,EXPENSE,Makan & Minum,Gopay
2024-07-25,Es Teh,10929.0,EXPENSE,Makan & Minum,BCA
2024-07-26,Warteg,10845.0,EXPENSE,Makan & Minum,Gopay
2024-07-26,Print Tugas,6854.0,EXPENSE,Lain-lain,Gopay
2024-07-26,Baju,124809.0,EXPENSE,Belanja,Gopay
2024-07-26,Konser,175066.0,EXPENSE,Hiburan,Gopay
2024-07-26,Warung Nasi,6377.0,EXPENSE,Makan & Minum,BCA
2024-07-26,GoFood,31857.0,EXPENSE,Makan & Minum,Gopay
2024-07-26,Pertamax,38862.0,EXPENSE,Tagihan,Dompet Tunai
2024-07-26,Bubble Tea,22449.0,EXPENSE,Makan & Minum,BCA
2024-07-27,Warung Makan,29819.0,EXPENSE,Makan & Minum,BCA
2024-07-27,Cafe,43016.0,EXPENSE,Makan & Minum,BCA
2024-07-27,Nasi Padang,25305.0,EXPENSE,Makan & Minum,Gopay
2024-07-27,Ongkos,13431.0,EXPENSE,Lain-lain,Gopay
2024-07-27,Starbucks,32349.0,EXPENSE,Makan & Minum,Dana
2024-07-28,Tokopedia,143681.0,EXPENSE,Belanja,Gopay
2024-07-28,GrabFood,37305.0,EXPENSE,Makan & Minum,BCA
2024-07-28,KFC,49415.0,EXPENSE,Makan & Minum,BCA
2024-07-28,Warung Nasi,11783.0,EXPENSE,Makan & Minum,BCA
2024-07-28,Nabung,98356.0,INCOME,Goals,BCA
2024-07-28,Kopi Kekinian,24284.0,EXPENSE,Makan & Minum,OVO
2024-07-28,Gaji Part Time,1292903.0,INCOME,Gaji,BCA
2024-07-29,GoFood,32509.0,EXPENSE,Makan & Minum,Dana
2024-07-29,Cafe,34631.0,EXPENSE,Makan & Minum,Dana
2024-07-29,Bensin,21989.0,EXPENSE,Tagihan,Gopay
2024-07-29,Game Online,145994.0,EXPENSE,Hiburan,Gopay
2024-07-29,GoFood,20173.0,EXPENSE,Makan & Minum,BCA
2024-07-29,Lazada,61783.0,EXPENSE,Belanja,OVO
2024-07-29,Bensin,20123.0,EXPENSE,Tagihan,Dompet Tunai
2024-07-29,Print Tugas,10416.0,EXPENSE,Lain-lain,Gopay
2024-07-29,Skincare,58629.0,EXPENSE,Belanja,OVO
2024-07-29,KFC,36986.0,EXPENSE,Makan & Minum,Gopay
2024-07-29,Bubble Tea,26027.0,EXPENSE,Makan & Minum,Gopay
2024-07-29,ATM,12869.0,EXPENSE,Lain-lain,Dompet Tunai
2024-07-29,Bakmi,34165.0,EXPENSE,Makan & Minum,OVO
2024-07-30,Pizza,32032.0,EXPENSE,Makan & Minum,BCA
2024-07-30,McDonalds,29255.0,EXPENSE,Makan & Minum,BCA
2024-07-30,Nongkrong Cafe,22160.0,EXPENSE,Hiburan,Gopay
2024-07-30,Pertamax,21510.0,EXPENSE,Tagihan,Dompet Tunai
2024-07-30,Kopi Kenangan,21293.0,EXPENSE,Makan & Minum,Dana
2024-07-30,Warung Makan,33097.0,EXPENSE,Makan & Minum,BCA
2024-07-30,Nasi Padang,57061.0,EXPENSE,Makan & Minum,OVO
2024-07-30,Nasi Bungkus,11161.0,EXPENSE,Makan & Minum,Dompet Tunai
2024-07-30,Es Teh,9543.0,EXPENSE,Makan & Minum,BCA
2024-07-31,Bensin,36726.0,EXPENSE,Tagihan,Dompet Tunai
2024-07-31,McDonalds,27181.0,EXPENSE,Makan & Minum,OVO
2024-07-31,Bubble Tea,74977.0,EXPENSE,Makan & Minum,OVO
2024-08-01,Isi BBM,17764.0,EXPENSE,Tagihan,Gopay
2024-08-01,Indomaret,18867.0,EXPENSE,Belanja,BCA
2024-08-01,Nongkrong,51239.0,EXPENSE,Hiburan,Gopay
2024-08-01,Warung Makan,27409.0,EXPENSE,Makan & Minum,Dana
2024-08-01,GoFood,39982.0,EXPENSE,Makan & Minum,OVO
2024-08-01,Isi BBM,30243.0,EXPENSE,Tagihan,Dompet Tunai
2024-08-02,Kiriman Papa,2521134.0,INCOME,Gaji,BCA
2024-08-02,Kost,486895.0,EXPENSE,Tagihan,BCA
2024-08-02,Game,27766.0,EXPENSE,Hiburan,BCA
2024-08-02,ATM,12236.0,EXPENSE,Lain-lain,Gopay
2024-08-02,Warung Makan,19447.0,EXPENSE,Makan & Minum,OVO
2024-08-02,KFC,63323.0,EXPENSE,Makan & Minum,BCA
2024-08-02,Kopi Kekinian,23371.0,EXPENSE,Makan & Minum,OVO
2024-08-02,Sushi,32644.0,EXPENSE,Makan & Minum,BCA
2024-08-02,Beasiswa,1438896.0,INCOME,Gaji,Gopay
2024-08-02,Mie Instan,6741.0,EXPENSE,Makan & Minum,Gopay
2024-08-02,Nasi Padang,37467.0,EXPENSE,Makan & Minum,Dana
2024-08-02,Sepatu,45708.0,EXPENSE,Belanja,Dana
2024-08-02,Sushi,23054.0,EXPENSE,Makan & Minum,Dana
2024-08-02,Kost,1081072.0,EXPENSE,Tagihan,BCA
2024-08-02,Bowling,22950.0,EXPENSE,Hiburan,Dana
2024-08-03,Kost,596565.0,EXPENSE,Tagihan,Dompet Tunai
2024-08-03,Mie Instan,8696.0,EXPENSE,Makan & Minum,Gopay
2024-08-03,Bakmi,24555.0,EXPENSE,Makan & Minum,Dana
2024-08-03,Starbucks,38947.0,EXPENSE,Makan & Minum,Dana
2024-08-03,Kopi Kenangan,21195.0,EXPENSE,Makan & Minum,Gopay
2024-08-03,Ongkos,14263.0,EXPENSE,Lain-lain,Gopay
2024-08-03,Bayar Kost,1194156.0,EXPENSE,Tagihan,Dompet Tunai
2024-08-03,Alfamart,27068.0,EXPENSE,Belanja,BCA
2024-08-04,Warung Makan,23172.0,EXPENSE,Makan & Minum,Dana
2024-08-04,Tokopedia,78258.0,EXPENSE,Belanja,BCA
2024-08-04,Gorengan,10995.0,EXPENSE,Makan & Minum,BCA
2024-08-05,Mie Instan,11295.0,EXPENSE,Makan & Minum,BCA
2024-08-05,Grab Motor,12283.0,EXPENSE,Lain-lain,Gopay
2024-08-05,Shopee,88643.0,EXPENSE,Belanja,OVO
2024-08-05,Print Tugas,14551.0,EXPENSE,Lain-lain,Gopay
2024-08-05,Bakmi,62613.0,EXPENSE,Makan & Minum,Gopay
2024-08-05,GoFood,54800.0,EXPENSE,Makan & Minum,OVO
2024-08-05,Nasi Padang,33766.0,EXPENSE,Makan & Minum,Dana
2024-08-06,Kopi Kekinian,39793.0,EXPENSE,Makan & Minum,OVO
2024-08-06,Nasi Padang,16081.0,EXPENSE,Makan & Minum,Gopay
2024-08-06,Mie Instan,12511.0,EXPENSE,Makan & Minum,Dompet Tunai
2024-08-06,Sushi,37615.0,EXPENSE,Makan & Minum,OVO
2024-08-06,Bakmi,21626.0,EXPENSE,Makan & Minum,Dana
2024-08-06,Bakmi,24982.0,EXPENSE,Makan & Minum,Gopay
2024-08-07,Warteg,9738.0,EXPENSE,Makan & Minum,Dompet Tunai
2024-08-07,Nongkrong,113037.0,EXPENSE,Hiburan,Gopay
2024-08-07,Starbucks,25524.0,EXPENSE,Makan & Minum,BCA
2024-08-07,GoFood,21180.0,EXPENSE,Makan & Minum,OVO
2024-08-07,Bakmi,26544.0,EXPENSE,Makan & Minum,OVO
2024-08-08,Game Online,45931.0,EXPENSE,Hiburan,Gopay
2024-08-08,Kopi Kenangan,23764.0,EXPENSE,Makan & Minum,BCA
2024-08-08,Kantin,7344.0,EXPENSE,Makan & Minum,Dompet Tunai
2024-08-08,Kantin,8771.0,EXPENSE,Makan & Minum,Dompet Tunai
2024-08-08,Isi BBM,30575.0,EXPENSE,Tagihan,Gopay
2024-08-08,GoFood,34710.0,EXPENSE,Makan & Minum,BCA
2024-08-08,GoFood,24792.0,EXPENSE,Makan & Minum,Gopay
2024-08-08,Bensin,17015.0,EXPENSE,Tagihan,Gopay
2024-08-08,Tokopedia,119109.0,EXPENSE,Belanja,Gopay
2024-08-08,Nasi Padang,45941.0,EXPENSE,Makan & Minum,OVO
2024-08-09,Bakmi,68252.0,EXPENSE,Makan & Minum,BCA
2024-08-09,Warung Makan,22155.0,EXPENSE,Makan & Minum,Dana
2024-08-09,Konser,119464.0,EXPENSE,Hiburan,BCA
2024-08-09,Lazada,113665.0,EXPENSE,Belanja,Gopay
2024-08-09,Starbucks,27640.0,EXPENSE,Makan & Minum,Dana
2024-08-09,Bensin,28070.0,EXPENSE,Tagihan,Gopay
2024-08-09,Nasi Bungkus,9512.0,EXPENSE,Makan & Minum,Dompet Tunai
2024-08-09,Mie Instan,9975.0,EXPENSE,Makan & Minum,Dompet Tunai
2024-08-09,Game,10845.0,EXPENSE,Hiburan,Gopay
2024-08-09,Indomaret,12363.0,EXPENSE,Belanja,Gopay
2024-08-09,Bensin,40676.0,EXPENSE,Tagihan,Dompet Tunai
2024-08-10,Netflix,34186.0,EXPENSE,Tagihan,Gopay
2024-08-10,Pulsa,22205.0,EXPENSE,Tagihan,Gopay
2024-08-10,Cafe,36721.0,EXPENSE,Makan & Minum,BCA
2024-08-10,Spotify,26892.0,EXPENSE,Tagihan,Gopay
2024-08-10,Cafe,35130.0,EXPENSE,Makan & Minum,Gopay
2024-08-10,KFC,64344.0,EXPENSE,Makan & Minum,OVO
2024-08-11,ATM,2285.0,EXPENSE,Lain-lain,Gopay
2024-08-11,Kopi Kekinian,33364.0,EXPENSE,Makan & Minum,Gopay
2024-08-11,Sepatu,117611.0,EXPENSE,Belanja,Dana
2024-08-11,Nasi Padang,21757.0,EXPENSE,Makan & Minum,BCA
2024-08-11,Konser,195017.0,EXPENSE,Hiburan,BCA
2024-08-11,KFC,24804.0,EXPENSE,Makan & Minum,Gopay
2024-08-12,Warung Makan,22305.0,EXPENSE,Makan & Minum,OVO
2024-08-12,Kopi Kenangan,33892.0,EXPENSE,Makan & Minum,OVO
2024-08-12,Baju,143496.0,EXPENSE,Belanja,OVO
2024-08-12,Game Online,106165.0,EXPENSE,Hiburan,Gopay
2024-08-12,Pertamax,37088.0,EXPENSE,Tagihan,Gopay
2024-08-12,Aksesoris,73288.0,EXPENSE,Belanja,Gopay
2024-08-12,GrabFood,26878.0,EXPENSE,Makan & Minum,OVO
2024-08-12,GrabFood,68445.0,EXPENSE,Makan & Minum,OVO
2024-08-12,Isi BBM,37605.0,EXPENSE,Tagihan,Dompet Tunai
2024-08-12,Game,12046.0,EXPENSE,Hiburan,Dompet Tunai
2024-08-12,Pertamax,29970.0,EXPENSE,Tagihan,Dompet Tunai
2024-08-12,McDonalds,22504.0,EXPENSE,Makan & Minum,OVO
2024-08-13,Gorengan,7276.0,EXPENSE,Makan & Minum,Gopay
2024-08-13,Nasi Padang,27113.0,EXPENSE,Makan & Minum,BCA
2024-08-13,GoFood,17098.0,EXPENSE,Makan & Minum,BCA
2024-08-13,Bioskop,84706.0,EXPENSE,Hiburan,OVO
2024-08-13,Indomaret,85677.0,EXPENSE,Belanja,Gopay
2024-08-13,Warteg,9720.0,EXPENSE,Makan & Minum,BCA
2024-08-13,Warung Makan,20385.0,EXPENSE,Makan & Minum,Dana
2024-08-13,Sushi,68590.0,EXPENSE,Makan & Minum,Gopay
2024-08-13,GoFood,63587.0,EXPENSE,Makan & Minum,OVO
2024-08-13,Bowling,124685.0,EXPENSE,Hiburan,BCA
2024-08-14,Game Online,78870.0,EXPENSE,Hiburan,BCA
2024-08-14,Starbucks,30218.0,EXPENSE,Makan & Minum,OVO
2024-08-14,Parkir,12134.0,EXPENSE,Lain-lain,Gopay
2024-08-14,Bensin,43433.0,EXPENSE,Tagihan,Gopay
2024-08-14,Pizza,33207.0,EXPENSE,Makan & Minum,BCA
2024-08-14,Warung Makan,65107.0,EXPENSE,Makan & Minum,BCA
2024-08-15,Warung Nasi,13529.0,EXPENSE,Makan & Minum,Dompet Tunai
2024-08-15,Freelance,1222358.0,INCOME,Gaji,Gopay
2024-08-15,GoFood,22135.0,EXPENSE,Makan & Minum,OVO
2024-08-15,Warung Makan,34714.0,EXPENSE,Makan & Minum,OVO
2024-08-15,ATM,4988.0,EXPENSE,Lain-lain,Dompet Tunai
2024-08-15,Nasi Bungkus,14419.0,EXPENSE,Makan & Minum,BCA
2024-08-15,Bensin,19584.0,EXPENSE,Tagihan,Gopay
2024-08-15,Simpanan,78003.0,INCOME,Goals,BCA
2024-08-15,McDonalds,19623.0,EXPENSE,Makan & Minum,BCA
2024-08-15,Tokopedia,89302.0,EXPENSE,Belanja,BCA
2024-08-16,GrabFood,32806.0,EXPENSE,Makan & Minum,Gopay
2024-08-16,Kantin,14221.0,EXPENSE,Makan & Minum,Dompet Tunai
2024-08-16,Warung Nasi,8261.0,EXPENSE,Makan & Minum,Gopay
2024-08-16,GoFood,37207.0,EXPENSE,Makan & Minum,Dana
2024-08-16,Game Online,136289.0,EXPENSE,Hiburan,OVO
2024-08-16,Aksesoris,22901.0,EXPENSE,Belanja,BCA
2024-08-16,Grab Motor,7203.0,EXPENSE,Lain-lain,Dompet Tunai
2024-08-17,Cafe,44290.0,EXPENSE,Makan & Minum,Gopay
2024-08-17,Warung Makan,31217.0,EXPENSE,Makan & Minum,OVO
2024-08-17,Nasi Padang,64056.0,EXPENSE,Makan & Minum,Gopay
2024-08-17,Nasi Padang,30998.0,EXPENSE,Makan & Minum,Gopay
2024-08-18,GrabFood,22172.0,EXPENSE,Makan & Minum,OVO
2024-08-18,Indomaret,21872.0,EXPENSE,Belanja,BCA
2024-08-18,Nasi Bungkus,8288.0,EXPENSE,Makan & Minum,Gopay
2024-08-18,ATM,9844.0,EXPENSE,Lain-lain,Gopay
2024-08-19,GoFood,23814.0,EXPENSE,Makan & Minum,BCA
2024-08-19,Warung Makan,15247.0,EXPENSE,Makan & Minum,OVO
2024-08-19,Isi BBM,36341.0,EXPENSE,Tagihan,Dompet Tunai
2024-08-19,Sushi,47631.0,EXPENSE,Makan & Minum,BCA
2024-08-19,Kantin,7838.0,EXPENSE,Makan & Minum,Dompet Tunai
2024-08-19,Alat Tulis,5276.0,EXPENSE,Belanja,Dompet Tunai
2024-08-20,Kopi Kekinian,28526.0,EXPENSE,Makan & Minum,Gopay
2024-08-20,Nasi Bungkus,10365.0,EXPENSE,Makan & Minum,Gopay
2024-08-20,Cafe,34885.0,EXPENSE,Makan & Minum,Dana
2024-08-20,KFC,16905.0,EXPENSE,Makan & Minum,BCA
2024-08-20,GoFood,36011.0,EXPENSE,Makan & Minum,Gopay
2024-08-20,GoFood,44503.0,EXPENSE,Makan & Minum,Dana
2024-08-21,Pizza,68954.0,EXPENSE,Makan & Minum,Gopay
2024-08-21,KFC,54666.0,EXPENSE,Makan & Minum,BCA
2024-08-21,Karaoke,91564.0,EXPENSE,Hiburan,BCA
2024-08-21,Bakmi,20598.0,EXPENSE,Makan & Minum,Dana
2024-08-21,Kopi Kenangan,23066.0,EXPENSE,Makan & Minum,Dana
2024-08-21,Nasi Bungkus,12097.0,EXPENSE,Makan & Minum,BCA
2024-08-22,Isi BBM,20610.0,EXPENSE,Tagihan,Dompet Tunai
2024-08-22,Warung Makan,25616.0,EXPENSE,Makan & Minum,Dana
2024-08-22,Tokopedia,78239.0,EXPENSE,Belanja,Gopay
2024-08-22,Es Teh,20989.0,EXPENSE,Makan & Minum,BCA
2024-08-22,Kantin,5074.0,EXPENSE,Makan & Minum,Dompet Tunai
2024-08-22,Pizza,32132.0,EXPENSE,Makan & Minum,BCA
2024-08-22,GrabFood,54895.0,EXPENSE,Makan & Minum,Gopay
2024-08-22,Warung Makan,15717.0,EXPENSE,Makan & Minum,Gopay
2024-08-23,KFC,16086.0,EXPENSE,Makan & Minum,BCA
2024-08-23,Bakmi,31179.0,EXPENSE,Makan & Minum,OVO
2024-08-23,Warung Makan,34851.0,EXPENSE,Makan & Minum,BCA
2024-08-23,Bakmi,54692.0,EXPENSE,Makan & Minum,OVO
2024-08-23,Isi BBM,38155.0,EXPENSE,Tagihan,Gopay
2024-08-23,Alfamart,71007.0,EXPENSE,Belanja,Gopay
2024-08-23,Pizza,30348.0,EXPENSE,Makan & Minum,OVO
2024-08-23,Pizza,28092.0,EXPENSE,Makan & Minum,BCA
2024-08-24,Fotokopi,3401.0,EXPENSE,Lain-lain,Dompet Tunai
2024-08-24,GoFood,18918.0,EXPENSE,Makan & Minum,BCA
2024-08-24,Kopi Kekinian,24848.0,EXPENSE,Makan & Minum,Gopay
2024-08-24,GoFood,25440.0,EXPENSE,Makan & Minum,Gopay
2024-08-24,Starbucks,35346.0,EXPENSE,Makan & Minum,Dana
2024-08-24,Warteg,7974.0,EXPENSE,Makan & Minum,BCA
2024-08-24,Warteg,6796.0,EXPENSE,Makan & Minum,Gopay
2024-08-24,Sushi,28157.0,EXPENSE,Makan & Minum,Gopay
2024-08-25,Ongkos,3814.0,EXPENSE,Lain-lain,Gopay
2024-08-25,Top Up ML,26314.0,EXPENSE,Hiburan,BCA
2024-08-25,Starbucks,38366.0,EXPENSE,Makan & Minum,BCA
2024-08-25,Pizza,17464.0,EXPENSE,Makan & Minum,BCA
2024-08-25,Print Tugas,5559.0,EXPENSE,Lain-lain,Dompet Tunai
2024-08-25,Nasi Padang,34124.0,EXPENSE,Makan & Minum,BCA
2024-08-25,Starbucks,37236.0,EXPENSE,Makan & Minum,Gopay
2024-08-26,Pertamax,25836.0,EXPENSE,Tagihan,Gopay
2024-08-26,Baju,74501.0,EXPENSE,Belanja,OVO
2024-08-26,Isi BBM,49410.0,EXPENSE,Tagihan,Dompet Tunai
2024-08-26,KFC,23373.0,EXPENSE,Makan & Minum,BCA
2024-08-26,Bubble Tea,27011.0,EXPENSE,Makan & Minum,OVO
2024-08-26,Starbucks,25094.0,EXPENSE,Makan & Minum,OVO
2024-08-26,Cafe,37614.0,EXPENSE,Makan & Minum,Gopay
2024-08-26,Nasi Padang,58142.0,EXPENSE,Makan & Minum,Gopay
2024-08-27,Es Teh,10044.0,EXPENSE,Makan & Minum,Dompet Tunai
2024-08-27,McDonalds,43389.0,EXPENSE,Makan & Minum,OVO
2024-08-27,Kopi Kenangan,34997.0,EXPENSE,Makan & Minum,OVO
2024-08-27,Sushi,30462.0,EXPENSE,Makan & Minum,OVO
2024-08-27,Warung Makan,29736.0,EXPENSE,Makan & Minum,OVO
2024-08-28,Kopi Kekinian,28343.0,EXPENSE,Makan & Minum,OVO
2024-08-28,Nasi Bungkus,11756.0,EXPENSE,Makan & Minum,Dompet Tunai
2024-08-28,Alfamart,50903.0,EXPENSE,Belanja,Gopay
2024-08-28,Simpanan,38028.0,INCOME,Goals,BCA
2024-08-28,Nabung,55306.0,INCOME,Goals,BCA
2024-08-28,Sepatu,106006.0,EXPENSE,Belanja,Gopay
2024-08-28,Gaji Part Time,1425228.0,INCOME,Gaji,BCA
2024-08-28,Kopi Kenangan,41244.0,EXPENSE,Makan & Minum,OVO
2024-08-28,Kopi Kenangan,30839.0,EXPENSE,Makan & Minum,OVO
2024-08-28,Pertamax,21783.0,EXPENSE,Tagihan,Dompet Tunai
2024-08-28,Bubble Tea,28886.0,EXPENSE,Makan & Minum,OVO
2024-08-28,Sushi,26131.0,EXPENSE,Makan & Minum,BCA
2024-08-28,Pizza,49090.0,EXPENSE,Makan & Minum,OVO
2024-08-29,Alfamart,53471.0,EXPENSE,Belanja,OVO
2024-08-29,Pertamax,21964.0,EXPENSE,Tagihan,Dompet Tunai
2024-08-29,McDonalds,28812.0,EXPENSE,Makan & Minum,Gopay
2024-08-29,McDonalds,34671.0,EXPENSE,Makan & Minum,Gopay
2024-08-29,Bakmi,31794.0,EXPENSE,Makan & Minum,Gopay
2024-08-29,Bakmi,39540.0,EXPENSE,Makan & Minum,BCA
2024-08-29,Isi BBM,37516.0,EXPENSE,Tagihan,Dompet Tunai
2024-08-30,Aksesoris,32344.0,EXPENSE,Belanja,OVO
2024-08-30,Top Up ML,119473.0,EXPENSE,Hiburan,Dana
2024-08-30,Pertamax,28435.0,EXPENSE,Tagihan,Dompet Tunai
2024-08-30,GoFood,43682.0,EXPENSE,Makan & Minum,Gopay
2024-08-30,Cafe,33697.0,EXPENSE,Makan & Minum,Dana
2024-08-30,KFC,26225.0,EXPENSE,Makan & Minum,OVO
2024-08-30,McDonalds,30976.0,EXPENSE,Makan & Minum,OVO
2024-08-30,Kopi Kekinian,33530.0,EXPENSE,Makan & Minum,BCA
2024-08-30,Kopi Kenangan,59498.0,EXPENSE,Makan & Minum,Dana
2024-08-31,Warteg,7941.0,EXPENSE,Makan & Minum,Gopay
2024-08-31,Indomaret,21935.0,EXPENSE,Belanja,BCA
2024-08-31,Ongkos,8384.0,EXPENSE,Lain-lain,Dompet Tunai
2024-08-31,Clubbing,164235.0,EXPENSE,Hiburan,Gopay
2024-08-31,Pizza,30618.0,EXPENSE,Makan & Minum,Gopay
2024-08-31,Bubble Tea,29093.0,EXPENSE,Makan & Minum,OVO
2024-08-31,Starbucks,21382.0,EXPENSE,Makan & Minum,Dana
2024-09-01,Starbucks,55492.0,EXPENSE,Makan & Minum,Dana
2024-09-01,Nasi Padang,47307.0,EXPENSE,Makan & Minum,Dana
2024-09-01,Sewa Bulanan,1061684.0,EXPENSE,Tagihan,BCA
2024-09-01,Karaoke,43760.0,EXPENSE,Hiburan,Gopay
2024-09-01,Uang Bulanan,827872.0,INCOME,Gaji,Gopay
2024-09-01,Nasi Padang,18740.0,EXPENSE,Makan & Minum,OVO
2024-09-01,Gorengan,10229.0,EXPENSE,Makan & Minum,Gopay
2024-09-01,Beasiswa,824111.0,INCOME,Gaji,BCA
2024-09-01,Bakmi,21536.0,EXPENSE,Makan & Minum,Dana
2024-09-02,Kiriman Papa,1508468.0,INCOME,Gaji,Gopay
2024-09-02,Top Up ML,178001.0,EXPENSE,Hiburan,BCA
2024-09-02,Pertamax,37551.0,EXPENSE,Tagihan,Gopay
2024-09-02,Kopi Kenangan,33876.0,EXPENSE,Makan & Minum,Dana
2024-09-02,Bensin,15241.0,EXPENSE,Tagihan,Gopay
2024-09-02,Kiriman Ortu,1340687.0,INCOME,Gaji,BCA
2024-09-02,GrabFood,47905.0,EXPENSE,Makan & Minum,OVO
2024-09-03,GoFood,25741.0,EXPENSE,Makan & Minum,BCA
2024-09-03,Warung Makan,37727.0,EXPENSE,Makan & Minum,Gopay
2024-09-03,Bayar Kost,1232667.0,EXPENSE,Tagihan,Dompet Tunai
2024-09-03,Alfamart,67554.0,EXPENSE,Belanja,BCA
2024-09-03,Starbucks,39417.0,EXPENSE,Makan & Minum,Dana
2024-09-03,Nasi Padang,28922.0,EXPENSE,Makan & Minum,BCA
2024-09-03,Bayar Kost,946450.0,EXPENSE,Tagihan,BCA
2024-09-03,Pertamax,37537.0,EXPENSE,Tagihan,Gopay
2024-09-03,Ongkos,10657.0,EXPENSE,Lain-lain,Gopay
2024-09-03,Alat Tulis,7692.0,EXPENSE,Belanja,Dompet Tunai
2024-09-03,Bayar Kost,569539.0,EXPENSE,Tagihan,BCA
2024-09-03,Kopi Kenangan,40964.0,EXPENSE,Makan & Minum,OVO
2024-09-04,GoFood,21419.0,EXPENSE,Makan & Minum,BCA
2024-09-04,Grab Motor,12917.0,EXPENSE,Lain-lain,Dompet Tunai
2024-09-04,Bakmi,58990.0,EXPENSE,Makan & Minum,OVO
2024-09-04,Kopi Kenangan,55514.0,EXPENSE,Makan & Minum,OVO
2024-09-04,Bowling,105984.0,EXPENSE,Hiburan,Gopay
2024-09-04,KFC,27274.0,EXPENSE,Makan & Minum,Gopay
2024-09-04,Spotify,126874.0,EXPENSE,Hiburan,BCA
2024-09-04,Pizza,61758.0,EXPENSE,Makan & Minum,Gopay
2024-09-04,Bakmi,24874.0,EXPENSE,Makan & Minum,OVO
2024-09-05,GoFood,21406.0,EXPENSE,Makan & Minum,Gopay
2024-09-05,Warung Makan,73251.0,EXPENSE,Makan & Minum,OVO
2024-09-05,Bayar Kost,1142156.0,EXPENSE,Tagihan,BCA
2024-09-05,Ongkos,12774.0,EXPENSE,Lain-lain,Dompet Tunai
2024-09-05,Print Tugas,7344.0,EXPENSE,Lain-lain,Dompet Tunai
2024-09-05,Gorengan,5150.0,EXPENSE,Makan & Minum,Dompet Tunai
2024-09-05,Bayar Kost,518816.0,EXPENSE,Tagihan,BCA
2024-09-05,Isi BBM,21073.0,EXPENSE,Tagihan,Dompet Tunai
2024-09-05,Tokopedia,114444.0,EXPENSE,Belanja,BCA
2024-09-06,Fotokopi,7112.0,EXPENSE,Lain-lain,Dompet Tunai
2024-09-06,Sushi,22547.0,EXPENSE,Makan & Minum,OVO
2024-09-06,Bakmi,60850.0,EXPENSE,Makan & Minum,Gopay
2024-09-06,Parkir,10338.0,EXPENSE,Lain-lain,Gopay
2024-09-06,Isi BBM,42604.0,EXPENSE,Tagihan,Dompet Tunai
2024-09-06,Kopi Kenangan,20618.0,EXPENSE,Makan & Minum,Gopay
2024-09-06,KFC,26162.0,EXPENSE,Makan & Minum,BCA
2024-09-06,GrabFood,16750.0,EXPENSE,Makan & Minum,Gopay
2024-09-06,Pizza,18075.0,EXPENSE,Makan & Minum,OVO
2024-09-07,GoFood,28718.0,EXPENSE,Makan & Minum,BCA
2024-09-07,Warung Makan,16452.0,EXPENSE,Makan & Minum,Gopay
2024-09-07,Bakmi,29398.0,EXPENSE,Makan & Minum,Dana
2024-09-07,Starbucks,36790.0,EXPENSE,Makan & Minum,Dana
2024-09-07,Nasi Padang,36726.0,EXPENSE,Makan & Minum,BCA
2024-09-08,Nasi Padang,24557.0,EXPENSE,Makan & Minum,OVO
2024-09-08,Kopi Kekinian,17728.0,EXPENSE,Makan & Minum,OVO
2024-09-08,McDonalds,27681.0,EXPENSE,Makan & Minum,OVO
2024-09-08,Warung Makan,26970.0,EXPENSE,Makan & Minum,OVO
2024-09-08,Warung Makan,65165.0,EXPENSE,Makan & Minum,BCA
2024-09-09,Nasi Padang,69991.0,EXPENSE,Makan & Minum,Gopay
2024-09-09,Kopi Kekinian,57909.0,EXPENSE,Makan & Minum,OVO
2024-09-09,KFC,16703.0,EXPENSE,Makan & Minum,OVO
2024-09-09,Aksesoris,87374.0,EXPENSE,Belanja,Gopay
2024-09-09,Print Tugas,10020.0,EXPENSE,Lain-lain,Dompet Tunai
2024-09-09,Parkir,9911.0,EXPENSE,Lain-lain,Dompet Tunai
2024-09-09,Pertamax,26426.0,EXPENSE,Tagihan,Dompet Tunai
2024-09-09,Tokopedia,113957.0,EXPENSE,Belanja,BCA
2024-09-09,Nasi Padang,67439.0,EXPENSE,Makan & Minum,OVO
2024-09-09,Starbucks,35366.0,EXPENSE,Makan & Minum,BCA
2024-09-10,Warung Nasi,26384.0,EXPENSE,Makan & Minum,Dompet Tunai
2024-09-10,Warung Nasi,10875.0,EXPENSE,Makan & Minum,BCA
2024-09-10,Pulsa,16198.0,EXPENSE,Tagihan,BCA
2024-09-10,Warung Makan,59374.0,EXPENSE,Makan & Minum,Dana
2024-09-10,Kopi Kenangan,22927.0,EXPENSE,Makan & Minum,BCA
2024-09-10,Isi BBM,40328.0,EXPENSE,Tagihan,Dompet Tunai
2024-09-10,Game Online,166158.0,EXPENSE,Hiburan,BCA
2024-09-10,iCloud,64605.0,EXPENSE,Tagihan,BCA
2024-09-10,Warung Makan,32045.0,EXPENSE,Makan & Minum,BCA
2024-09-10,Aksesoris,20726.0,EXPENSE,Belanja,Gopay
2024-09-10,Pulsa,77335.0,EXPENSE,Tagihan,BCA
2024-09-10,ATM,5049.0,EXPENSE,Lain-lain,Dompet Tunai
2024-09-10,Bakmi,23662.0,EXPENSE,Makan & Minum,BCA
2024-09-11,Gorengan,7381.0,EXPENSE,Makan & Minum,Gopay
2024-09-11,McDonalds,24013.0,EXPENSE,Makan & Minum,OVO
2024-09-11,Bubble Tea,26311.0,EXPENSE,Makan & Minum,BCA
2024-09-11,Bubble Tea,18373.0,EXPENSE,Makan & Minum,Gopay
2024-09-11,Bakmi,32562.0,EXPENSE,Makan & Minum,Gopay
2024-09-11,ATM,9365.0,EXPENSE,Lain-lain,Gopay
2024-09-11,Shopee,140347.0,EXPENSE,Belanja,Dana
2024-09-11,Bowling,69924.0,EXPENSE,Hiburan,BCA
2024-09-11,Isi BBM,39003.0,EXPENSE,Tagihan,Gopay
2024-09-11,Kopi Kenangan,27738.0,EXPENSE,Makan & Minum,OVO
2024-09-12,Isi BBM,25079.0,EXPENSE,Tagihan,Gopay
2024-09-12,Warung Makan,64146.0,EXPENSE,Makan & Minum,BCA
2024-09-12,GoFood,25684.0,EXPENSE,Makan & Minum,OVO
2024-09-12,Tokopedia,99837.0,EXPENSE,Belanja,BCA
2024-09-12,Nasi Padang,23034.0,EXPENSE,Makan & Minum,OVO
2024-09-12,Es Teh,5396.0,EXPENSE,Makan & Minum,Dompet Tunai
2024-09-12,GoFood,24739.0,EXPENSE,Makan & Minum,Gopay
2024-09-12,Sabun,13568.0,EXPENSE,Belanja,BCA
2024-09-12,Pizza,24599.0,EXPENSE,Makan & Minum,BCA
2024-09-12,Indomaret,87991.0,EXPENSE,Belanja,Gopay
2024-09-13,Cafe,25589.0,EXPENSE,Makan & Minum,OVO
2024-09-13,Starbucks,24840.0,EXPENSE,Makan & Minum,OVO
2024-09-13,GrabFood,29549.0,EXPENSE,Makan & Minum,OVO
2024-09-13,Kopi Kekinian,31253.0,EXPENSE,Makan & Minum,OVO
2024-09-13,Grab Motor,4903.0,EXPENSE,Lain-lain,Dompet Tunai
2024-09-13,McDonalds,36466.0,EXPENSE,Makan & Minum,OVO
2024-09-14,GrabFood,49555.0,EXPENSE,Makan & Minum,OVO
2024-09-14,Nasi Padang,73560.0,EXPENSE,Makan & Minum,OVO
2024-09-14,Karaoke,43289.0,EXPENSE,Hiburan,OVO
2024-09-14,Bakmi,28171.0,EXPENSE,Makan & Minum,Dana
2024-09-14,Sushi,75525.0,EXPENSE,Makan & Minum,Gopay
2024-09-15,Sushi,32019.0,EXPENSE,Makan & Minum,OVO
2024-09-15,Pizza,19376.0,EXPENSE,Makan & Minum,Gopay
2024-09-15,GrabFood,49777.0,EXPENSE,Makan & Minum,OVO
2024-09-15,Transfer Ortu,1039602.0,INCOME,Gaji,BCA
2024-09-15,Nasi Padang,32131.0,EXPENSE,Makan & Minum,OVO
2024-09-15,Sepatu,136799.0,EXPENSE,Belanja,Dana
2024-09-15,Nasi Padang,24143.0,EXPENSE,Makan & Minum,BCA
2024-09-15,Dana Darurat,68419.0,INCOME,Goals,BCA
2024-09-15,Kantin,5700.0,EXPENSE,Makan & Minum,BCA
2024-09-16,Warung Makan,21481.0,EXPENSE,Makan & Minum,OVO
2024-09-16,Pertamax,16172.0,EXPENSE,Tagihan,Dompet Tunai
2024-09-16,Baju,63464.0,EXPENSE,Belanja,BCA
2024-09-16,Bakmi,67903.0,EXPENSE,Makan & Minum,Gopay
2024-09-16,Sushi,26904.0,EXPENSE,Makan & Minum,Gopay
2024-09-16,Sushi,34484.0,EXPENSE,Makan & Minum,Gopay
2024-09-16,Isi BBM,25714.0,EXPENSE,Tagihan,Dompet Tunai
2024-09-16,Print Tugas,13097.0,EXPENSE,Lain-lain,Gopay
2024-09-17,Kopi Kekinian,25333.0,EXPENSE,Makan & Minum,Gopay
2024-09-17,Bubble Tea,22058.0,EXPENSE,Makan & Minum,BCA
2024-09-17,Fotokopi,7177.0,EXPENSE,Lain-lain,Gopay
2024-09-17,Print Tugas,7719.0,EXPENSE,Lain-lain,Gopay
2024-09-17,Kopi Kenangan,35214.0,EXPENSE,Makan & Minum,OVO
2024-09-17,Gorengan,9483.0,EXPENSE,Makan & Minum,BCA
2024-09-17,Bakmi,77280.0,EXPENSE,Makan & Minum,OVO
2024-09-17,Isi BBM,26963.0,EXPENSE,Tagihan,Gopay
2024-09-17,Top Up ML,49993.0,EXPENSE,Hiburan,Gopay
2024-09-17,Shopee,100723.0,EXPENSE,Belanja,OVO
2024-09-17,Cafe,67813.0,EXPENSE,Makan & Minum,BCA
2024-09-18,Game,15685.0,EXPENSE,Hiburan,BCA
2024-09-18,Kantin,9334.0,EXPENSE,Makan & Minum,Dompet Tunai
2024-09-18,Bubble Tea,42476.0,EXPENSE,Makan & Minum,OVO
2024-09-18,Ongkos,14118.0,EXPENSE,Lain-lain,Gopay
2024-09-18,KFC,17367.0,EXPENSE,Makan & Minum,BCA
2024-09-18,GoFood,40687.0,EXPENSE,Makan & Minum,Gopay
2024-09-18,Starbucks,44060.0,EXPENSE,Makan & Minum,Gopay
2024-09-19,Print Tugas,5357.0,EXPENSE,Lain-lain,Gopay
2024-09-19,Pertamax,17635.0,EXPENSE,Tagihan,Dompet Tunai
2024-09-19,Bakmi,23340.0,EXPENSE,Makan & Minum,OVO
2024-09-19,Konser,123296.0,EXPENSE,Hiburan,BCA
2024-09-19,GrabFood,15449.0,EXPENSE,Makan & Minum,Gopay
2024-09-19,Aksesoris,58575.0,EXPENSE,Belanja,OVO
2024-09-19,Cafe,50893.0,EXPENSE,Makan & Minum,Gopay
2024-09-20,Isi BBM,42017.0,EXPENSE,Tagihan,Gopay
2024-09-20,ATM,6455.0,EXPENSE,Lain-lain,Dompet Tunai
2024-09-20,McDonalds,27752.0,EXPENSE,Makan & Minum,Gopay
2024-09-20,Cafe,64240.0,EXPENSE,Makan & Minum,Gopay
2024-09-20,Pizza,59261.0,EXPENSE,Makan & Minum,BCA
2024-09-20,Warung Makan,22718.0,EXPENSE,Makan & Minum,Dana
2024-09-20,Sushi,29799.0,EXPENSE,Makan & Minum,Dana
2024-09-21,GrabFood,17644.0,EXPENSE,Makan & Minum,Gopay
2024-09-21,Warung Makan,28104.0,EXPENSE,Makan & Minum,Dana
2024-09-21,Clubbing,88863.0,EXPENSE,Hiburan,BCA
2024-09-21,Gorengan,22510.0,EXPENSE,Makan & Minum,Dompet Tunai
2024-09-21,Starbucks,74317.0,EXPENSE,Makan & Minum,Gopay
2024-09-21,Nasi Padang,63992.0,EXPENSE,Makan & Minum,BCA
2024-09-22,Spotify,90107.0,EXPENSE,Hiburan,Gopay
2024-09-22,Pizza,17350.0,EXPENSE,Makan & Minum,OVO
2024-09-22,GrabFood,71064.0,EXPENSE,Makan & Minum,OVO
2024-09-22,Starbucks,32769.0,EXPENSE,Makan & Minum,Dana
2024-09-23,Kopi Kekinian,67092.0,EXPENSE,Makan & Minum,BCA
2024-09-23,Warung Makan,15869.0,EXPENSE,Makan & Minum,BCA
2024-09-23,YouTube Premium,14621.0,EXPENSE,Hiburan,Gopay
2024-09-23,GoFood,40655.0,EXPENSE,Makan & Minum,Dana
2024-09-23,Bakmi,55970.0,EXPENSE,Makan & Minum,BCA
2024-09-23,Print Tugas,13662.0,EXPENSE,Lain-lain,Gopay
2024-09-24,Sushi,27731.0,EXPENSE,Makan & Minum,Gopay
2024-09-24,GoFood,19650.0,EXPENSE,Makan & Minum,BCA
2024-09-25,Grab Motor,14045.0,EXPENSE,Lain-lain,Gopay
2024-09-25,Ongkos,4157.0,EXPENSE,Lain-lain,Gopay
2024-09-25,McDonalds,18096.0,EXPENSE,Makan & Minum,BCA
2024-09-25,Warung Makan,55902.0,EXPENSE,Makan & Minum,Gopay
2024-09-25,Bubble Tea,19108.0,EXPENSE,Makan & Minum,BCA
2024-09-26,Nongkrong,105707.0,EXPENSE,Hiburan,OVO
2024-09-26,Alfamart,74441.0,EXPENSE,Belanja,Gopay
2024-09-26,Kopi Kekinian,30484.0,EXPENSE,Makan & Minum,OVO
2024-09-26,Ongkos,7207.0,EXPENSE,Lain-lain,Dompet Tunai
2024-09-26,Pizza,30676.0,EXPENSE,Makan & Minum,Gopay
2024-09-26,McDonalds,26098.0,EXPENSE,Makan & Minum,BCA
2024-09-26,Bakmi,56136.0,EXPENSE,Makan & Minum,BCA
2024-09-26,GoFood,40987.0,EXPENSE,Makan & Minum,BCA
2024-09-26,Cafe,25699.0,EXPENSE,Makan & Minum,Gopay
2024-09-26,Gorengan,11310.0,EXPENSE,Makan & Minum,BCA
2024-09-27,Grab Motor,14099.0,EXPENSE,Lain-lain,Dompet Tunai
2024-09-27,Karaoke,55009.0,EXPENSE,Hiburan,OVO
2024-09-27,Bensin,21047.0,EXPENSE,Tagihan,Dompet Tunai
2024-09-27,Tokopedia,46521.0,EXPENSE,Belanja,OVO
2024-09-27,Warung Makan,34285.0,EXPENSE,Makan & Minum,OVO
2024-09-27,Kopi Kenangan,76600.0,EXPENSE,Makan & Minum,Dana
2024-09-27,Kopi Kekinian,16041.0,EXPENSE,Makan & Minum,OVO
2024-09-27,Nasi Padang,38644.0,EXPENSE,Makan & Minum,BCA
2024-09-27,Starbucks,30119.0,EXPENSE,Makan & Minum,Dana
2024-09-28,Nongkrong,97937.0,EXPENSE,Hiburan,OVO
2024-09-28,Warung Makan,15214.0,EXPENSE,Makan & Minum,BCA
2024-09-28,Transfer Ortu,1197731.0,INCOME,Gaji,BCA
2024-09-28,Bakmi,25310.0,EXPENSE,Makan & Minum,Gopay
2024-09-28,Karaoke,186468.0,EXPENSE,Hiburan,Dana
2024-09-28,Tokopedia,79749.0,EXPENSE,Belanja,BCA
2024-09-28,YouTube Premium,21110.0,EXPENSE,Hiburan,Dompet Tunai
2024-09-28,Nasi Padang,26949.0,EXPENSE,Makan & Minum,OVO
2024-09-29,Mie Instan,13297.0,EXPENSE,Makan & Minum,Gopay
2024-09-29,Bakmi,40889.0,EXPENSE,Makan & Minum,BCA
2024-09-29,Warung Makan,33355.0,EXPENSE,Makan & Minum,OVO
2024-09-29,Nasi Padang,62343.0,EXPENSE,Makan & Minum,BCA
2024-09-29,McDonalds,16737.0,EXPENSE,Makan & Minum,BCA
2024-09-29,KFC,22903.0,EXPENSE,Makan & Minum,OVO
2024-09-29,Top Up ML,28920.0,EXPENSE,Hiburan,Gopay
2024-09-30,Bensin,38143.0,EXPENSE,Tagihan,Gopay
2024-09-30,Bensin,43151.0,EXPENSE,Tagihan,Dompet Tunai
2024-09-30,Pertamax,26650.0,EXPENSE,Tagihan,Dompet Tunai
2024-09-30,Gorengan,13764.0,EXPENSE,Makan & Minum,BCA
2024-09-30,GoFood,31100.0,EXPENSE,Makan & Minum,OVO
2024-09-30,Warung Makan,26007.0,EXPENSE,Makan & Minum,Gopay
2024-09-30,KFC,31310.0,EXPENSE,Makan & Minum,OVO
2024-09-30,Kopi Kekinian,24095.0,EXPENSE,Makan & Minum,OVO
2024-10-01,Uang Bulanan,913712.0,INCOME,Gaji,Gopay
2024-10-01,Aksesoris,125958.0,EXPENSE,Belanja,OVO
2024-10-01,Kiriman Papa,2814170.0,INCOME,Gaji,Gopay
2024-10-01,Bubble Tea,30399.0,EXPENSE,Makan & Minum,BCA
2024-10-01,GrabFood,32930.0,EXPENSE,Makan & Minum,BCA
2024-10-01,KFC,37702.0,EXPENSE,Makan & Minum,OVO
2024-10-01,Bayar Kost,572458.0,EXPENSE,Tagihan,BCA
2024-10-02,Print Tugas,12519.0,EXPENSE,Lain-lain,Gopay
2024-10-02,Kiriman Papa,1872386.0,INCOME,Gaji,BCA
2024-10-02,Nasi Padang,26091.0,EXPENSE,Makan & Minum,BCA
2024-10-02,McDonalds,19371.0,EXPENSE,Makan & Minum,Gopay
2024-10-02,KFC,28662.0,EXPENSE,Makan & Minum,BCA
2024-10-02,Bensin,47455.0,EXPENSE,Tagihan,Gopay
2024-10-02,Isi BBM,25892.0,EXPENSE,Tagihan,Dompet Tunai
2024-10-02,Grab Motor,13043.0,EXPENSE,Lain-lain,Dompet Tunai
2024-10-02,Warteg,9865.0,EXPENSE,Makan & Minum,BCA
2024-10-02,Uang Saku,1313130.0,INCOME,Gaji,BCA
2024-10-03,Bubble Tea,22424.0,EXPENSE,Makan & Minum,BCA
2024-10-03,Transfer Ortu,1679818.0,INCOME,Gaji,BCA
2024-10-03,Warteg,11268.0,EXPENSE,Makan & Minum,BCA
2024-10-03,Mie Instan,6661.0,EXPENSE,Makan & Minum,BCA
2024-10-03,Mie Instan,7768.0,EXPENSE,Makan & Minum,BCA
2024-10-03,Parkir,10649.0,EXPENSE,Lain-lain,Gopay
2024-10-03,Bensin,20817.0,EXPENSE,Tagihan,Dompet Tunai
2024-10-03,Kopi Kenangan,29853.0,EXPENSE,Makan & Minum,OVO
2024-10-03,Cafe,43292.0,EXPENSE,Makan & Minum,OVO
2024-10-03,Sushi,31960.0,EXPENSE,Makan & Minum,Gopay
2024-10-03,Warung Makan,30285.0,EXPENSE,Makan & Minum,Gopay
2024-10-04,Nasi Padang,22874.0,EXPENSE,Makan & Minum,BCA
2024-10-04,Warung Makan,23464.0,EXPENSE,Makan & Minum,Gopay
2024-10-04,Warung Makan,20809.0,EXPENSE,Makan & Minum,BCA
2024-10-04,Print Tugas,6933.0,EXPENSE,Lain-lain,Gopay
2024-10-04,Nasi Padang,22958.0,EXPENSE,Makan & Minum,Gopay
2024-10-04,Kopi Kenangan,79853.0,EXPENSE,Makan & Minum,Gopay
2024-10-04,Karaoke,181470.0,EXPENSE,Hiburan,Dana
2024-10-04,Skincare,57886.0,EXPENSE,Belanja,Gopay
2024-10-04,Mie Instan,9732.0,EXPENSE,Makan & Minum,Gopay
2024-10-04,Es Teh,24045.0,EXPENSE,Makan & Minum,Dompet Tunai
2024-10-05,Kopi Kenangan,25200.0,EXPENSE,Makan & Minum,Dana
2024-10-05,Lazada,64025.0,EXPENSE,Belanja,OVO
2024-10-05,Fotokopi,13350.0,EXPENSE,Lain-lain,Gopay
2024-10-05,KFC,25971.0,EXPENSE,Makan & Minum,BCA
2024-10-05,Bubble Tea,27262.0,EXPENSE,Makan & Minum,Gopay
2024-10-06,Sushi,25873.0,EXPENSE,Makan & Minum,Dana
2024-10-06,Warung Makan,24703.0,EXPENSE,Makan & Minum,BCA
2024-10-06,Kantin,13354.0,EXPENSE,Makan & Minum,BCA
2024-10-06,Mie Instan,13690.0,EXPENSE,Makan & Minum,Gopay
2024-10-06,Nongkrong Cafe,46770.0,EXPENSE,Hiburan,OVO
2024-10-06,Shopee,96399.0,EXPENSE,Belanja,Gopay
2024-10-06,Grab Motor,3639.0,EXPENSE,Lain-lain,Gopay
2024-10-06,Tokopedia,98238.0,EXPENSE,Belanja,OVO
2024-10-07,ATM,14448.0,EXPENSE,Lain-lain,Dompet Tunai
2024-10-07,Nasi Padang,73366.0,EXPENSE,Makan & Minum,BCA
2024-10-07,Warung Makan,38597.0,EXPENSE,Makan & Minum,OVO
2024-10-07,Kopi Kekinian,52289.0,EXPENSE,Makan & Minum,Gopay
2024-10-07,Bakmi,24785.0,EXPENSE,Makan & Minum,Dana
2024-10-07,Netflix,37481.0,EXPENSE,Hiburan,OVO
2024-10-08,Mie Instan,27113.0,EXPENSE,Makan & Minum,Gopay
2024-10-08,Aksesoris,43446.0,EXPENSE,Belanja,BCA
2024-10-08,Kopi Kekinian,26357.0,EXPENSE,Makan & Minum,Gopay
2024-10-08,Sushi,36073.0,EXPENSE,Makan & Minum,OVO
2024-10-08,McDonalds,16201.0,EXPENSE,Makan & Minum,BCA
2024-10-09,Warung Makan,18979.0,EXPENSE,Makan & Minum,Gopay
2024-10-09,Bubble Tea,20692.0,EXPENSE,Makan & Minum,OVO
2024-10-09,Pertamax,38939.0,EXPENSE,Tagihan,Gopay
2024-10-09,Sushi,34906.0,EXPENSE,Makan & Minum,BCA
2024-10-09,Starbucks,35030.0,EXPENSE,Makan & Minum,Gopay
2024-10-09,Top Up ML,94844.0,EXPENSE,Hiburan,Dana
2024-10-09,Aksesoris,96311.0,EXPENSE,Belanja,Gopay
2024-10-09,Bubble Tea,23235.0,EXPENSE,Makan & Minum,OVO
2024-10-10,Paket Data,29351.0,EXPENSE,Tagihan,BCA
2024-10-10,Pulsa,80583.0,EXPENSE,Tagihan,Gopay
2024-10-10,Paket Data,27143.0,EXPENSE,Tagihan,Gopay
2024-10-10,Cafe,28357.0,EXPENSE,Makan & Minum,BCA
2024-10-10,Warung Makan,29907.0,EXPENSE,Makan & Minum,OVO
2024-10-10,Fotokopi,10845.0,EXPENSE,Lain-lain,Dompet Tunai
2024-10-11,McDonalds,27893.0,EXPENSE,Makan & Minum,BCA
2024-10-11,GoFood,32249.0,EXPENSE,Makan & Minum,Dana
2024-10-11,Cafe,34625.0,EXPENSE,Makan & Minum,Dana
2024-10-11,Warung Makan,31820.0,EXPENSE,Makan & Minum,Dana
2024-10-11,Isi BBM,20448.0,EXPENSE,Tagihan,Gopay
2024-10-11,Warung Makan,33775.0,EXPENSE,Makan & Minum,BCA
2024-10-11,Bensin,47084.0,EXPENSE,Tagihan,Gopay
2024-10-11,Grab Motor,12359.0,EXPENSE,Lain-lain,Dompet Tunai
2024-10-12,GoFood,39120.0,EXPENSE,Makan & Minum,BCA
2024-10-12,Skincare,59539.0,EXPENSE,Belanja,Gopay
2024-10-12,Ongkos,4019.0,EXPENSE,Lain-lain,Dompet Tunai
2024-10-12,Sepatu,128524.0,EXPENSE,Belanja,OVO
2024-10-13,Cafe,61230.0,EXPENSE,Makan & Minum,OVO
2024-10-13,Sushi,28985.0,EXPENSE,Makan & Minum,Gopay
2024-10-13,Nasi Padang,27530.0,EXPENSE,Makan & Minum,OVO
2024-10-13,Bubble Tea,15571.0,EXPENSE,Makan & Minum,BCA
2024-10-13,Warung Makan,49179.0,EXPENSE,Makan & Minum,Dana
2024-10-14,Bensin,49391.0,EXPENSE,Tagihan,Gopay
2024-10-14,Tokopedia,115032.0,EXPENSE,Belanja,OVO
2024-10-14,Warung Makan,31604.0,EXPENSE,Makan & Minum,Gopay
2024-10-14,Game,27566.0,EXPENSE,Hiburan,Dompet Tunai
2024-10-14,Sushi,38513.0,EXPENSE,Makan & Minum,BCA
2024-10-14,Warung Makan,28335.0,EXPENSE,Makan & Minum,Gopay
2024-10-14,Pertamax,25006.0,EXPENSE,Tagihan,Dompet Tunai
2024-10-14,Game Online,190384.0,EXPENSE,Hiburan,Gopay
2024-10-14,Warung Nasi,11999.0,EXPENSE,Makan & Minum,Dompet Tunai
2024-10-15,Gorengan,5904.0,EXPENSE,Makan & Minum,Dompet Tunai
2024-10-15,Isi BBM,44129.0,EXPENSE,Tagihan,Gopay
2024-10-15,Cafe,37464.0,EXPENSE,Makan & Minum,OVO
2024-10-15,Warteg,6358.0,EXPENSE,Makan & Minum,Gopay
2024-10-15,Kopi Kenangan,46556.0,EXPENSE,Makan & Minum,BCA
2024-10-15,Kopi Kenangan,30846.0,EXPENSE,Makan & Minum,Gopay
2024-10-16,Kopi Kenangan,32287.0,EXPENSE,Makan & Minum,BCA
2024-10-16,Sushi,27065.0,EXPENSE,Makan & Minum,OVO
2024-10-16,Cafe,25006.0,EXPENSE,Makan & Minum,Gopay
2024-10-16,Kopi Kekinian,47315.0,EXPENSE,Makan & Minum,BCA
2024-10-16,Grab Motor,12374.0,EXPENSE,Lain-lain,Gopay
2024-10-16,Isi BBM,40702.0,EXPENSE,Tagihan,Dompet Tunai
2024-10-16,Warung Makan,35422.0,EXPENSE,Makan & Minum,Gopay
2024-10-16,Konser,48861.0,EXPENSE,Hiburan,OVO
2024-10-17,Aksesoris,35363.0,EXPENSE,Belanja,OVO
2024-10-17,Kopi Kekinian,63598.0,EXPENSE,Makan & Minum,BCA
2024-10-17,Kopi Kekinian,70286.0,EXPENSE,Makan & Minum,BCA
2024-10-17,Es Teh,13561.0,EXPENSE,Makan & Minum,BCA
2024-10-17,Pertamax,23883.0,EXPENSE,Tagihan,Gopay
2024-10-17,Warung Nasi,6157.0,EXPENSE,Makan & Minum,BCA
2024-10-17,Sushi,35853.0,EXPENSE,Makan & Minum,Gopay
2024-10-17,Ongkos,10287.0,EXPENSE,Lain-lain,Gopay
2024-10-18,Kopi Kekinian,31176.0,EXPENSE,Makan & Minum,Gopay
2024-10-18,Baju,56820.0,EXPENSE,Belanja,BCA
2024-10-18,Parkir,14606.0,EXPENSE,Lain-lain,Gopay
2024-10-18,McDonalds,18648.0,EXPENSE,Makan & Minum,Gopay
2024-10-18,Parkir,9671.0,EXPENSE,Lain-lain,Gopay
2024-10-19,GrabFood,29304.0,EXPENSE,Makan & Minum,Gopay
2024-10-19,Nasi Padang,20074.0,EXPENSE,Makan & Minum,Gopay
2024-10-19,Cafe,27377.0,EXPENSE,Makan & Minum,Gopay
2024-10-19,Bioskop,84165.0,EXPENSE,Hiburan,BCA
2024-10-20,GoFood,15635.0,EXPENSE,Makan & Minum,Gopay
2024-10-20,Lazada,102950.0,EXPENSE,Belanja,OVO
2024-10-20,Kopi Kenangan,37240.0,EXPENSE,Makan & Minum,OVO
2024-10-20,Kopi Kenangan,31893.0,EXPENSE,Makan & Minum,OVO
2024-10-20,Nasi Padang,31072.0,EXPENSE,Makan & Minum,Gopay
2024-10-20,GoFood,66026.0,EXPENSE,Makan & Minum,OVO
2024-10-20,Alfamart,36257.0,EXPENSE,Belanja,BCA
2024-10-21,Kantin,9606.0,EXPENSE,Makan & Minum,Dompet Tunai
2024-10-21,Isi BBM,48724.0,EXPENSE,Tagihan,Gopay
2024-10-21,Pizza,15670.0,EXPENSE,Makan & Minum,OVO
2024-10-21,KFC,25423.0,EXPENSE,Makan & Minum,BCA
2024-10-21,Baju,59279.0,EXPENSE,Belanja,BCA
2024-10-21,Sepatu,62608.0,EXPENSE,Belanja,Gopay
2024-10-21,Top Up ML,152953.0,EXPENSE,Hiburan,Dana
2024-10-21,Isi BBM,44533.0,EXPENSE,Tagihan,Dompet Tunai
2024-10-21,Starbucks,36314.0,EXPENSE,Makan & Minum,BCA
2024-10-21,Warung Makan,21098.0,EXPENSE,Makan & Minum,OVO
2024-10-21,Pizza,65849.0,EXPENSE,Makan & Minum,Gopay
2024-10-22,GoFood,61668.0,EXPENSE,Makan & Minum,Gopay
2024-10-22,Nasi Padang,21490.0,EXPENSE,Makan & Minum,BCA
2024-10-22,Warung Nasi,14903.0,EXPENSE,Makan & Minum,Dompet Tunai
2024-10-22,Fotokopi,11984.0,EXPENSE,Lain-lain,Dompet Tunai
2024-10-22,Warteg,12030.0,EXPENSE,Makan & Minum,Dompet Tunai
2024-10-23,Parkir,5233.0,EXPENSE,Lain-lain,Dompet Tunai
2024-10-23,GoFood,72015.0,EXPENSE,Makan & Minum,Gopay
2024-10-23,Kopi Kenangan,73659.0,EXPENSE,Makan & Minum,BCA
2024-10-23,Aksesoris,117799.0,EXPENSE,Belanja,Gopay
2024-10-24,Konser,93078.0,EXPENSE,Hiburan,Gopay
2024-10-24,Pertamax,18159.0,EXPENSE,Tagihan,Gopay
2024-10-24,Alfamart,26419.0,EXPENSE,Belanja,Gopay
2024-10-24,Karaoke,61176.0,EXPENSE,Hiburan,OVO
2024-10-24,Warung Makan,18078.0,EXPENSE,Makan & Minum,Gopay
2024-10-24,GrabFood,34939.0,EXPENSE,Makan & Minum,Gopay
2024-10-24,Starbucks,34822.0,EXPENSE,Makan & Minum,Gopay
2024-10-24,Pertamax,20100.0,EXPENSE,Tagihan,Dompet Tunai
2024-10-25,Pizza,70947.0,EXPENSE,Makan & Minum,OVO
2024-10-25,Bubble Tea,62570.0,EXPENSE,Makan & Minum,OVO
2024-10-25,Kopi Kenangan,46735.0,EXPENSE,Makan & Minum,Gopay
2024-10-25,Starbucks,34575.0,EXPENSE,Makan & Minum,OVO
2024-10-25,GoFood,36444.0,EXPENSE,Makan & Minum,Dana
2024-10-25,Isi BBM,40855.0,EXPENSE,Tagihan,Dompet Tunai
2024-10-25,Aksesoris,47431.0,EXPENSE,Belanja,Dana
2024-10-25,Ongkos,5805.0,EXPENSE,Lain-lain,Gopay
2024-10-25,Karaoke,90671.0,EXPENSE,Hiburan,BCA
2024-10-25,Pertamax,41877.0,EXPENSE,Tagihan,Gopay
2024-10-26,Nasi Padang,16378.0,EXPENSE,Makan & Minum,BCA
2024-10-26,Bubble Tea,20267.0,EXPENSE,Makan & Minum,BCA
2024-10-26,Kopi Kekinian,60521.0,EXPENSE,Makan & Minum,OVO
2024-10-26,Bioskop,100565.0,EXPENSE,Hiburan,BCA
2024-10-26,Es Teh,14903.0,EXPENSE,Makan & Minum,Dompet Tunai
2024-10-26,GoFood,28111.0,EXPENSE,Makan & Minum,BCA
2024-10-26,Bakmi,25100.0,EXPENSE,Makan & Minum,Gopay
2024-10-26,GoFood,25753.0,EXPENSE,Makan & Minum,Gopay
2024-10-27,Sushi,34625.0,EXPENSE,Makan & Minum,OVO
2024-10-27,GoFood,68443.0,EXPENSE,Makan & Minum,OVO
2024-10-27,ATM,2867.0,EXPENSE,Lain-lain,Gopay
2024-10-27,McDonalds,26029.0,EXPENSE,Makan & Minum,BCA
2024-10-27,Warung Makan,22750.0,EXPENSE,Makan & Minum,OVO
2024-10-27,Kopi Kenangan,25531.0,EXPENSE,Makan & Minum,Gopay
2024-10-28,Es Teh,13051.0,EXPENSE,Makan & Minum,Gopay
2024-10-28,Bensin,41749.0,EXPENSE,Tagihan,Gopay
2024-10-28,Gaji Part Time,1038950.0,INCOME,Gaji,Gopay
2024-10-28,Warteg,11546.0,EXPENSE,Makan & Minum,BCA
2024-10-28,Starbucks,37155.0,EXPENSE,Makan & Minum,OVO
2024-10-28,GrabFood,42665.0,EXPENSE,Makan & Minum,OVO
2024-10-28,Nasi Padang,37376.0,EXPENSE,Makan & Minum,Dana
2024-10-28,Warung Makan,30377.0,EXPENSE,Makan & Minum,Dana
2024-10-29,KFC,15262.0,EXPENSE,Makan & Minum,OVO
2024-10-29,Fotokopi,14664.0,EXPENSE,Lain-lain,Gopay
2024-10-29,Nasi Bungkus,13584.0,EXPENSE,Makan & Minum,Dompet Tunai
2024-10-29,Grab Motor,6522.0,EXPENSE,Lain-lain,Gopay
2024-10-29,Bensin,30654.0,EXPENSE,Tagihan,Gopay
2024-10-29,Warung Makan,44417.0,EXPENSE,Makan & Minum,OVO
2024-10-29,Warung Nasi,13561.0,EXPENSE,Makan & Minum,Gopay
2024-10-29,Bakmi,36674.0,EXPENSE,Makan & Minum,BCA
2024-10-29,GoFood,32795.0,EXPENSE,Makan & Minum,BCA
2024-10-29,Baju,78196.0,EXPENSE,Belanja,BCA
2024-10-30,GoFood,25580.0,EXPENSE,Makan & Minum,BCA
2024-10-30,Fotokopi,11376.0,EXPENSE,Lain-lain,Dompet Tunai
2024-10-30,Sushi,32904.0,EXPENSE,Makan & Minum,OVO
2024-10-30,Starbucks,48823.0,EXPENSE,Makan & Minum,Gopay
2024-10-30,Sushi,59073.0,EXPENSE,Makan & Minum,BCA
2024-10-30,Karaoke,89116.0,EXPENSE,Hiburan,Gopay
2024-10-30,Aksesoris,36145.0,EXPENSE,Belanja,OVO
2024-10-30,Bensin,49212.0,EXPENSE,Tagihan,Gopay
2024-10-31,GoFood,28305.0,EXPENSE,Makan & Minum,Gopay
2024-10-31,Warung Nasi,7450.0,EXPENSE,Makan & Minum,BCA
2024-10-31,Game Online,156393.0,EXPENSE,Hiburan,OVO
2024-10-31,Kopi Kenangan,78286.0,EXPENSE,Makan & Minum,OVO
2024-10-31,Bubble Tea,30326.0,EXPENSE,Makan & Minum,OVO
2024-10-31,Sushi,35989.0,EXPENSE,Makan & Minum,Gopay
2024-10-31,Isi BBM,25320.0,EXPENSE,Tagihan,Gopay
2024-11-01,Warung Makan,33050.0,EXPENSE,Makan & Minum,BCA
2024-11-01,Warung Makan,44339.0,EXPENSE,Makan & Minum,Dana
2024-11-01,Gaji Part Time,1029164.0,INCOME,Gaji,Gopay
2024-11-01,Kopi Kekinian,23247.0,EXPENSE,Makan & Minum,OVO
2024-11-01,Pertamax,34279.0,EXPENSE,Tagihan,Dompet Tunai
2024-11-02,Gorengan,22338.0,EXPENSE,Makan & Minum,Gopay
2024-11-02,McDonalds,15434.0,EXPENSE,Makan & Minum,OVO
2024-11-02,Nasi Padang,26413.0,EXPENSE,Makan & Minum,Gopay
2024-11-02,Sewa Bulanan,1131221.0,EXPENSE,Tagihan,Dompet Tunai
2024-11-02,Kost,535947.0,EXPENSE,Tagihan,Dompet Tunai
2024-11-02,KFC,21007.0,EXPENSE,Makan & Minum,Gopay
2024-11-02,Transfer Ortu,2974435.0,INCOME,Gaji,BCA
2024-11-03,Skincare,77367.0,EXPENSE,Belanja,OVO
2024-11-03,Bayar Kost,557065.0,EXPENSE,Tagihan,BCA
2024-11-03,Warteg,9337.0,EXPENSE,Makan & Minum,BCA
2024-11-03,Print Tugas,4840.0,EXPENSE,Lain-lain,Gopay
2024-11-03,Clubbing,116297.0,EXPENSE,Hiburan,Gopay
2024-11-03,Cafe,28616.0,EXPENSE,Makan & Minum,Gopay
2024-11-03,GoFood,27138.0,EXPENSE,Makan & Minum,BCA
2024-11-03,Bubble Tea,29685.0,EXPENSE,Makan & Minum,BCA
2024-11-03,GoFood,68028.0,EXPENSE,Makan & Minum,OVO
2024-11-03,Nongkrong,94917.0,EXPENSE,Hiburan,Gopay
2024-11-03,Bayar Kost,946261.0,EXPENSE,Tagihan,BCA
2024-11-04,Warung Makan,22406.0,EXPENSE,Makan & Minum,Dana
2024-11-04,Bensin,35294.0,EXPENSE,Tagihan,Gopay
2024-11-04,GoFood,33605.0,EXPENSE,Makan & Minum,Gopay
2024-11-04,GrabFood,31990.0,EXPENSE,Makan & Minum,OVO
2024-11-04,McDonalds,22650.0,EXPENSE,Makan & Minum,OVO
2024-11-04,Kost,1212983.0,EXPENSE,Tagihan,Dompet Tunai
2024-11-04,Bensin,33064.0,EXPENSE,Tagihan,Dompet Tunai
2024-11-05,Bubble Tea,17960.0,EXPENSE,Makan & Minum,Gopay
2024-11-05,Warung Makan,29906.0,EXPENSE,Makan & Minum,BCA
2024-11-05,Starbucks,67560.0,EXPENSE,Makan & Minum,Gopay
2024-11-05,GoFood,29791.0,EXPENSE,Makan & Minum,Dana
2024-11-05,GoFood,22002.0,EXPENSE,Makan & Minum,BCA
2024-11-05,Kost,969792.0,EXPENSE,Tagihan,Dompet Tunai
2024-11-05,Tokopedia,32676.0,EXPENSE,Belanja,Gopay
2024-11-06,Warung Makan,23953.0,EXPENSE,Makan & Minum,Dana
2024-11-06,KFC,29713.0,EXPENSE,Makan & Minum,Gopay
2024-11-06,Indomaret,65480.0,EXPENSE,Belanja,Gopay
2024-11-06,Starbucks,57979.0,EXPENSE,Makan & Minum,Gopay
2024-11-06,Nasi Bungkus,5053.0,EXPENSE,Makan & Minum,Dompet Tunai
2024-11-06,Kantin,6288.0,EXPENSE,Makan & Minum,Gopay
2024-11-06,Netflix,75060.0,EXPENSE,Hiburan,BCA
2024-11-06,Isi BBM,36468.0,EXPENSE,Tagihan,Gopay
2024-11-06,Starbucks,41808.0,EXPENSE,Makan & Minum,OVO
2024-11-06,Pertamax,25104.0,EXPENSE,Tagihan,Dompet Tunai
2024-11-06,KFC,50813.0,EXPENSE,Makan & Minum,OVO
2024-11-07,Nasi Padang,31056.0,EXPENSE,Makan & Minum,BCA
2024-11-07,KFC,67727.0,EXPENSE,Makan & Minum,OVO
2024-11-07,Karaoke,94710.0,EXPENSE,Hiburan,Dana
2024-11-07,Warteg,8636.0,EXPENSE,Makan & Minum,BCA
2024-11-07,Warung Nasi,14452.0,EXPENSE,Makan & Minum,BCA
2024-11-07,Warteg,14462.0,EXPENSE,Makan & Minum,Dompet Tunai
2024-11-07,Cafe,23428.0,EXPENSE,Makan & Minum,OVO
2024-11-07,Kopi Kenangan,37858.0,EXPENSE,Makan & Minum,Gopay
2024-11-07,Lazada,41605.0,EXPENSE,Belanja,BCA
2024-11-08,Kantin,10382.0,EXPENSE,Makan & Minum,Gopay
2024-11-08,Es Teh,7997.0,EXPENSE,Makan & Minum,BCA
2024-11-08,Kantin,27296.0,EXPENSE,Makan & Minum,BCA
2024-11-08,Bakmi,73468.0,EXPENSE,Makan & Minum,BCA
2024-11-08,McDonalds,33535.0,EXPENSE,Makan & Minum,Gopay
2024-11-08,Cafe,32126.0,EXPENSE,Makan & Minum,OVO
2024-11-08,ATM,3648.0,EXPENSE,Lain-lain,Gopay
2024-11-08,Baju,78780.0,EXPENSE,Belanja,OVO
2024-11-08,Karaoke,116202.0,EXPENSE,Hiburan,Gopay
2024-11-08,Bensin,36102.0,EXPENSE,Tagihan,Dompet Tunai
2024-11-08,Bakmi,31346.0,EXPENSE,Makan & Minum,Dana
2024-11-08,Isi BBM,39314.0,EXPENSE,Tagihan,Dompet Tunai
2024-11-09,GoFood,30781.0,EXPENSE,Makan & Minum,OVO
2024-11-09,Skincare,30864.0,EXPENSE,Belanja,Gopay
2024-11-09,Mie Instan,5744.0,EXPENSE,Makan & Minum,Dompet Tunai
2024-11-09,Bioskop,111515.0,EXPENSE,Hiburan,Gopay
2024-11-09,Starbucks,31613.0,EXPENSE,Makan & Minum,Gopay
2024-11-09,Warung Makan,15368.0,EXPENSE,Makan & Minum,Gopay
2024-11-09,Tokopedia,82081.0,EXPENSE,Belanja,OVO
2024-11-09,Bakmi,22263.0,EXPENSE,Makan & Minum,Dana
2024-11-10,Kopi Kekinian,69696.0,EXPENSE,Makan & Minum,Gopay
2024-11-10,Warteg,11945.0,EXPENSE,Makan & Minum,BCA
2024-11-10,GoFood,25171.0,EXPENSE,Makan & Minum,BCA
2024-11-10,GoFood,57109.0,EXPENSE,Makan & Minum,OVO
2024-11-10,Kopi Kenangan,24410.0,EXPENSE,Makan & Minum,OVO
2024-11-10,Tokopedia,102401.0,EXPENSE,Belanja,Gopay
2024-11-10,Paket Data,54176.0,EXPENSE,Tagihan,BCA
2024-11-10,Bubble Tea,61415.0,EXPENSE,Makan & Minum,Gopay
2024-11-10,Spotify,52536.0,EXPENSE,Tagihan,BCA
2024-11-11,Game Online,106540.0,EXPENSE,Hiburan,Gopay
2024-11-11,Bensin,38939.0,EXPENSE,Tagihan,Gopay
2024-11-11,Top Up ML,65749.0,EXPENSE,Hiburan,OVO
2024-11-11,Pizza,21099.0,EXPENSE,Makan & Minum,BCA
2024-11-11,Cafe,41093.0,EXPENSE,Makan & Minum,Gopay
2024-11-11,Warteg,13205.0,EXPENSE,Makan & Minum,BCA
2024-11-12,Gorengan,5660.0,EXPENSE,Makan & Minum,BCA
2024-11-12,Warung Nasi,16869.0,EXPENSE,Makan & Minum,Gopay
2024-11-12,Indomaret,89688.0,EXPENSE,Belanja,Gopay
2024-11-12,Cafe,39373.0,EXPENSE,Makan & Minum,OVO
2024-11-13,Netflix,87693.0,EXPENSE,Hiburan,OVO
2024-11-13,Shampo,29487.0,EXPENSE,Belanja,BCA
2024-11-13,Starbucks,46371.0,EXPENSE,Makan & Minum,Dana
2024-11-13,Kopi Kenangan,60889.0,EXPENSE,Makan & Minum,OVO
2024-11-13,Isi BBM,32535.0,EXPENSE,Tagihan,Gopay
2024-11-13,Isi BBM,47944.0,EXPENSE,Tagihan,Gopay
2024-11-14,Nasi Padang,19135.0,EXPENSE,Makan & Minum,OVO
2024-11-14,Bubble Tea,73821.0,EXPENSE,Makan & Minum,BCA
2024-11-14,Warteg,13654.0,EXPENSE,Makan & Minum,Dompet Tunai
2024-11-14,Warteg,9896.0,EXPENSE,Makan & Minum,Dompet Tunai
2024-11-14,Mie Instan,12283.0,EXPENSE,Makan & Minum,Gopay
2024-11-14,Isi BBM,22217.0,EXPENSE,Tagihan,Dompet Tunai
2024-11-14,GoFood,66481.0,EXPENSE,Makan & Minum,Dana
2024-11-15,Warteg,14680.0,EXPENSE,Makan & Minum,Gopay
2024-11-15,Nabung,34423.0,INCOME,Goals,BCA
2024-11-15,Bensin,44542.0,EXPENSE,Tagihan,Dompet Tunai
2024-11-15,GoFood,33972.0,EXPENSE,Makan & Minum,Gopay
2024-11-15,Nabung,78066.0,INCOME,Goals,BCA
2024-11-15,Bubble Tea,33342.0,EXPENSE,Makan & Minum,Gopay
2024-11-15,Uang Bulanan,1358390.0,INCOME,Gaji,BCA
2024-11-15,Bensin,29155.0,EXPENSE,Tagihan,Gopay
2024-11-15,ATM,2512.0,EXPENSE,Lain-lain,Dompet Tunai
2024-11-15,Nasi Padang,17705.0,EXPENSE,Makan & Minum,OVO
2024-11-16,Kopi Kenangan,25056.0,EXPENSE,Makan & Minum,Gopay
2024-11-16,Cafe,27102.0,EXPENSE,Makan & Minum,OVO
2024-11-16,Cafe,42428.0,EXPENSE,Makan & Minum,Gopay
2024-11-16,Top Up ML,193187.0,EXPENSE,Hiburan,OVO
2024-11-17,Es Teh,8702.0,EXPENSE,Makan & Minum,BCA
2024-11-17,GoFood,68727.0,EXPENSE,Makan & Minum,Gopay
2024-11-17,Kopi Kenangan,24845.0,EXPENSE,Makan & Minum,OVO
2024-11-17,Nasi Bungkus,9182.0,EXPENSE,Makan & Minum,BCA
2024-11-17,Nasi Bungkus,8540.0,EXPENSE,Makan & Minum,Gopay
2024-11-17,Tokopedia,34628.0,EXPENSE,Belanja,Gopay
2024-11-17,McDonalds,65498.0,EXPENSE,Makan & Minum,OVO
2024-11-18,Sushi,49709.0,EXPENSE,Makan & Minum,OVO
2024-11-18,Fotokopi,7285.0,EXPENSE,Lain-lain,Dompet Tunai
2024-11-18,Sushi,34611.0,EXPENSE,Makan & Minum,BCA
2024-11-18,Isi BBM,22054.0,EXPENSE,Tagihan,Gopay
2024-11-18,Bubble Tea,27094.0,EXPENSE,Makan & Minum,Gopay
2024-11-18,Nasi Padang,24829.0,EXPENSE,Makan & Minum,Gopay
2024-11-18,Bensin,38172.0,EXPENSE,Tagihan,Gopay
2024-11-18,Sushi,34505.0,EXPENSE,Makan & Minum,OVO
2024-11-19,Nasi Padang,24582.0,EXPENSE,Makan & Minum,BCA
2024-11-19,Game Online,192659.0,EXPENSE,Hiburan,Gopay
2024-11-19,Alfamart,28622.0,EXPENSE,Belanja,BCA
2024-11-19,Pizza,42083.0,EXPENSE,Makan & Minum,OVO
2024-11-19,Pizza,21498.0,EXPENSE,Makan & Minum,Gopay
2024-11-19,Cafe,35153.0,EXPENSE,Makan & Minum,OVO
2024-11-20,Cafe,30260.0,EXPENSE,Makan & Minum,OVO
2024-11-20,Starbucks,27367.0,EXPENSE,Makan & Minum,BCA
2024-11-20,Bakmi,39450.0,EXPENSE,Makan & Minum,Gopay
2024-11-20,Isi BBM,49677.0,EXPENSE,Tagihan,Gopay
2024-11-20,GrabFood,29082.0,EXPENSE,Makan & Minum,OVO
2024-11-20,Warung Nasi,13083.0,EXPENSE,Makan & Minum,Dompet Tunai
2024-11-20,Grab Motor,8695.0,EXPENSE,Lain-lain,Gopay
2024-11-20,Warung Makan,33783.0,EXPENSE,Makan & Minum,OVO
2024-11-20,GrabFood,53276.0,EXPENSE,Makan & Minum,Gopay
2024-11-21,Ongkos,5350.0,EXPENSE,Lain-lain,Dompet Tunai
2024-11-21,Bensin,42912.0,EXPENSE,Tagihan,Gopay
2024-11-21,Gorengan,12459.0,EXPENSE,Makan & Minum,Dompet Tunai
2024-11-21,McDonalds,21091.0,EXPENSE,Makan & Minum,BCA
2024-11-21,GrabFood,46777.0,EXPENSE,Makan & Minum,OVO
2024-11-21,Alfamart,69919.0,EXPENSE,Belanja,Gopay
2024-11-21,Kantin,12497.0,EXPENSE,Makan & Minum,Gopay
2024-11-22,Nasi Padang,24018.0,EXPENSE,Makan & Minum,BCA
2024-11-22,Skincare,31884.0,EXPENSE,Belanja,OVO
2024-11-22,Bakmi,63994.0,EXPENSE,Makan & Minum,Gopay
2024-11-22,Kopi Kenangan,36134.0,EXPENSE,Makan & Minum,Gopay
2024-11-22,Nasi Padang,28922.0,EXPENSE,Makan & Minum,BCA
2024-11-22,Game,29116.0,EXPENSE,Hiburan,Gopay
2024-11-22,Shopee,75029.0,EXPENSE,Belanja,OVO
2024-11-22,Isi BBM,43834.0,EXPENSE,Tagihan,Gopay
2024-11-22,KFC,29253.0,EXPENSE,Makan & Minum,BCA
2024-11-23,Parkir,6350.0,EXPENSE,Lain-lain,Dompet Tunai
2024-11-23,Karaoke,57567.0,EXPENSE,Hiburan,Gopay
2024-11-23,Fotokopi,14382.0,EXPENSE,Lain-lain,Dompet Tunai
2024-11-23,Sushi,21906.0,EXPENSE,Makan & Minum,Gopay
2024-11-23,Nasi Padang,25233.0,EXPENSE,Makan & Minum,BCA
2024-11-23,Nasi Padang,15878.0,EXPENSE,Makan & Minum,BCA
2024-11-23,Print Tugas,4325.0,EXPENSE,Lain-lain,Gopay
2024-11-23,Sushi,20784.0,EXPENSE,Makan & Minum,Gopay
2024-11-23,Bakmi,39124.0,EXPENSE,Makan & Minum,BCA
2024-11-24,Bakmi,32737.0,EXPENSE,Makan & Minum,BCA
2024-11-24,GoFood,38487.0,EXPENSE,Makan & Minum,Dana
2024-11-24,Skincare,87710.0,EXPENSE,Belanja,OVO
2024-11-24,Gorengan,8380.0,EXPENSE,Makan & Minum,BCA
2024-11-24,Nasi Padang,23925.0,EXPENSE,Makan & Minum,Gopay
2024-11-24,GrabFood,34209.0,EXPENSE,Makan & Minum,OVO
2024-11-25,Gorengan,5022.0,EXPENSE,Makan & Minum,Gopay
2024-11-25,Isi BBM,28937.0,EXPENSE,Tagihan,Gopay
2024-11-25,GrabFood,27024.0,EXPENSE,Makan & Minum,Gopay
2024-11-25,Pizza,61379.0,EXPENSE,Makan & Minum,BCA
2024-11-26,Kopi Kenangan,37718.0,EXPENSE,Makan & Minum,BCA
2024-11-26,Warung Makan,36170.0,EXPENSE,Makan & Minum,Gopay
2024-11-26,Sushi,24517.0,EXPENSE,Makan & Minum,Dana
2024-11-26,Bensin,34664.0,EXPENSE,Tagihan,Dompet Tunai
2024-11-26,Karaoke,189488.0,EXPENSE,Hiburan,OVO
2024-11-26,Aksesoris,55753.0,EXPENSE,Belanja,BCA
2024-11-26,Warung Nasi,7984.0,EXPENSE,Makan & Minum,BCA
2024-11-26,Nasi Padang,48961.0,EXPENSE,Makan & Minum,Gopay
2024-11-27,Warung Makan,37146.0,EXPENSE,Makan & Minum,OVO
2024-11-27,Nasi Padang,35560.0,EXPENSE,Makan & Minum,OVO
2024-11-27,Isi BBM,30717.0,EXPENSE,Tagihan,Gopay
2024-11-27,Kantin,10291.0,EXPENSE,Makan & Minum,Dompet Tunai
2024-11-27,Isi BBM,49875.0,EXPENSE,Tagihan,Gopay
2024-11-27,Tokopedia,36742.0,EXPENSE,Belanja,Gopay
2024-11-27,Cafe,28145.0,EXPENSE,Makan & Minum,BCA
2024-11-28,Sushi,27226.0,EXPENSE,Makan & Minum,Gopay
2024-11-28,Aksesoris,88050.0,EXPENSE,Belanja,BCA
2024-11-28,Bubble Tea,46972.0,EXPENSE,Makan & Minum,BCA
2024-11-28,Dana Darurat,32771.0,INCOME,Goals,BCA
2024-11-28,Bubble Tea,53214.0,EXPENSE,Makan & Minum,Gopay
2024-11-28,Isi BBM,20615.0,EXPENSE,Tagihan,Dompet Tunai
2024-11-28,Simpanan,75940.0,INCOME,Goals,BCA
2024-11-28,Warung Makan,30169.0,EXPENSE,Makan & Minum,Gopay
2024-11-29,Warung Makan,64189.0,EXPENSE,Makan & Minum,Gopay
2024-11-29,McDonalds,28773.0,EXPENSE,Makan & Minum,BCA
2024-11-29,Grab Motor,7474.0,EXPENSE,Lain-lain,Dompet Tunai
2024-11-29,Es Teh,5058.0,EXPENSE,Makan & Minum,Gopay
2024-11-29,Konser,84043.0,EXPENSE,Hiburan,Dana
2024-11-29,Ongkos,3414.0,EXPENSE,Lain-lain,Dompet Tunai
2024-11-30,Pizza,25394.0,EXPENSE,Makan & Minum,BCA
2024-11-30,Warung Makan,32424.0,EXPENSE,Makan & Minum,BCA
2024-11-30,GoFood,20807.0,EXPENSE,Makan & Minum,BCA
2024-11-30,Bakmi,20099.0,EXPENSE,Makan & Minum,OVO
2024-11-30,Lazada,106724.0,EXPENSE,Belanja,OVO
2024-12-01,Kopi Kekinian,19147.0,EXPENSE,Makan & Minum,BCA
2024-12-01,Uang Bulanan,1502371.0,INCOME,Gaji,BCA
2024-12-01,ATM,6333.0,EXPENSE,Lain-lain,Dompet Tunai
2024-12-01,Honor Kerja,1230156.0,INCOME,Gaji,BCA
2024-12-01,Cafe,47271.0,EXPENSE,Makan & Minum,Dana
2024-12-01,Lazada,97721.0,EXPENSE,Belanja,Dana
2024-12-01,KFC,48986.0,EXPENSE,Makan & Minum,Gopay
2024-12-01,Cafe,33879.0,EXPENSE,Makan & Minum,BCA
2024-12-01,McDonalds,28800.0,EXPENSE,Makan & Minum,Gopay
2024-12-01,Gorengan,12998.0,EXPENSE,Makan & Minum,BCA
2024-12-01,Kopi Kenangan,31617.0,EXPENSE,Makan & Minum,BCA
2024-12-02,Bensin,26891.0,EXPENSE,Tagihan,Gopay
2024-12-02,Bowling,72993.0,EXPENSE,Hiburan,BCA
2024-12-02,Nasi Padang,25911.0,EXPENSE,Makan & Minum,Dana
2024-12-02,Bensin,42913.0,EXPENSE,Tagihan,Dompet Tunai
2024-12-02,Bubble Tea,48221.0,EXPENSE,Makan & Minum,OVO
2024-12-02,Netflix,135968.0,EXPENSE,Hiburan,OVO
2024-12-02,Bakmi,25928.0,EXPENSE,Makan & Minum,Gopay
2024-12-03,Gorengan,14764.0,EXPENSE,Makan & Minum,BCA
2024-12-03,GoFood,22167.0,EXPENSE,Makan & Minum,BCA
2024-12-03,Sushi,35525.0,EXPENSE,Makan & Minum,Dana
2024-12-03,Cafe,39213.0,EXPENSE,Makan & Minum,Dana
2024-12-03,Pertamax,31824.0,EXPENSE,Tagihan,Dompet Tunai
2024-12-03,Nasi Bungkus,7895.0,EXPENSE,Makan & Minum,BCA
2024-12-03,Print Tugas,5646.0,EXPENSE,Lain-lain,Gopay
2024-12-03,Baju,73267.0,EXPENSE,Belanja,BCA
2024-12-03,Kost,1159869.0,EXPENSE,Tagihan,Dompet Tunai
2024-12-04,GoFood,48636.0,EXPENSE,Makan & Minum,OVO
2024-12-04,Nasi Padang,33251.0,EXPENSE,Makan & Minum,OVO
2024-12-04,Tokopedia,46585.0,EXPENSE,Belanja,BCA
2024-12-04,McDonalds,32292.0,EXPENSE,Makan & Minum,OVO
2024-12-04,Kopi Kekinian,18319.0,EXPENSE,Makan & Minum,Gopay
2024-12-04,Kantin,14943.0,EXPENSE,Makan & Minum,Gopay
2024-12-04,Cafe,30404.0,EXPENSE,Makan & Minum,BCA
2024-12-04,Print Tugas,13729.0,EXPENSE,Lain-lain,Dompet Tunai
2024-12-04,Gorengan,6984.0,EXPENSE,Makan & Minum,BCA
2024-12-05,Bensin,21019.0,EXPENSE,Tagihan,Dompet Tunai
2024-12-05,GoFood,30556.0,EXPENSE,Makan & Minum,BCA
2024-12-05,Fotokopi,14007.0,EXPENSE,Lain-lain,Dompet Tunai
2024-12-05,Nasi Padang,22945.0,EXPENSE,Makan & Minum,OVO
2024-12-05,Sushi,25321.0,EXPENSE,Makan & Minum,Dana
2024-12-05,GoFood,32607.0,EXPENSE,Makan & Minum,Gopay
2024-12-05,Karaoke,157968.0,EXPENSE,Hiburan,BCA
2024-12-06,Fotokopi,14120.0,EXPENSE,Lain-lain,Gopay
2024-12-06,Lazada,49086.0,EXPENSE,Belanja,Gopay
2024-12-06,Warung Makan,35463.0,EXPENSE,Makan & Minum,Gopay
2024-12-06,Starbucks,50682.0,EXPENSE,Makan & Minum,OVO
2024-12-06,Shampo,18124.0,EXPENSE,Belanja,Gopay
2024-12-06,Skincare,75663.0,EXPENSE,Belanja,OVO
2024-12-06,Warung Makan,31443.0,EXPENSE,Makan & Minum,OVO
2024-12-07,Bowling,87534.0,EXPENSE,Hiburan,Gopay
2024-12-07,Cafe,27786.0,EXPENSE,Makan & Minum,Gopay
2024-12-07,Warung Makan,46463.0,EXPENSE,Makan & Minum,BCA
2024-12-07,GoFood,35265.0,EXPENSE,Makan & Minum,Gopay
2024-12-07,KFC,21243.0,EXPENSE,Makan & Minum,BCA
2024-12-07,McDonalds,65647.0,EXPENSE,Makan & Minum,Gopay
2024-12-07,Gorengan,10099.0,EXPENSE,Makan & Minum,BCA
2024-12-07,Nasi Padang,47733.0,EXPENSE,Makan & Minum,Gopay
2024-12-08,Bakmi,26428.0,EXPENSE,Makan & Minum,Dana
2024-12-08,GoFood,37258.0,EXPENSE,Makan & Minum,Dana
2024-12-08,Cafe,32540.0,EXPENSE,Makan & Minum,BCA
2024-12-08,Top Up ML,68622.0,EXPENSE,Hiburan,Dana
2024-12-08,GoFood,26193.0,EXPENSE,Makan & Minum,Gopay
2024-12-08,Warung Nasi,5476.0,EXPENSE,Makan & Minum,BCA
2024-12-09,Sushi,37709.0,EXPENSE,Makan & Minum,Dana
2024-12-09,Nasi Bungkus,6848.0,EXPENSE,Makan & Minum,Dompet Tunai
2024-12-09,Gorengan,6115.0,EXPENSE,Makan & Minum,BCA
2024-12-09,Kantin,12705.0,EXPENSE,Makan & Minum,Dompet Tunai
2024-12-09,Isi BBM,26144.0,EXPENSE,Tagihan,Dompet Tunai
2024-12-09,Indomaret,67127.0,EXPENSE,Belanja,BCA
2024-12-10,Warung Nasi,11018.0,EXPENSE,Makan & Minum,Gopay
2024-12-10,Warung Makan,77463.0,EXPENSE,Makan & Minum,Gopay
2024-12-10,Sushi,36520.0,EXPENSE,Makan & Minum,Gopay
2024-12-10,Kopi Kekinian,16009.0,EXPENSE,Makan & Minum,Gopay
2024-12-10,Netflix,43268.0,EXPENSE,Hiburan,OVO
2024-12-10,Pulsa,58897.0,EXPENSE,Tagihan,BCA
2024-12-10,Nongkrong Cafe,61780.0,EXPENSE,Hiburan,OVO
2024-12-10,Kopi Kenangan,31308.0,EXPENSE,Makan & Minum,BCA
2024-12-10,Ongkos,14053.0,EXPENSE,Lain-lain,Dompet Tunai
2024-12-10,Netflix,32223.0,EXPENSE,Tagihan,BCA
2024-12-11,Pizza,16571.0,EXPENSE,Makan & Minum,OVO
2024-12-11,Pizza,28690.0,EXPENSE,Makan & Minum,BCA
2024-12-11,Kopi Kenangan,23285.0,EXPENSE,Makan & Minum,Gopay
2024-12-11,Aksesoris,29664.0,EXPENSE,Belanja,BCA
2024-12-11,Kopi Kenangan,20009.0,EXPENSE,Makan & Minum,OVO
2024-12-11,Nasi Padang,24759.0,EXPENSE,Makan & Minum,OVO
2024-12-11,Pertamax,34336.0,EXPENSE,Tagihan,Dompet Tunai
2024-12-11,Mie Instan,11190.0,EXPENSE,Makan & Minum,Gopay
2024-12-11,Pizza,67514.0,EXPENSE,Makan & Minum,Gopay
2024-12-11,Bensin,32874.0,EXPENSE,Tagihan,Dompet Tunai
2024-12-12,Es Teh,12116.0,EXPENSE,Makan & Minum,Gopay
2024-12-12,Cafe,25695.0,EXPENSE,Makan & Minum,OVO
2024-12-12,GrabFood,24066.0,EXPENSE,Makan & Minum,Gopay
2024-12-12,Pizza,22029.0,EXPENSE,Makan & Minum,Gopay
2024-12-12,Nasi Padang,21972.0,EXPENSE,Makan & Minum,OVO
2024-12-12,Pertamax,26253.0,EXPENSE,Tagihan,Gopay
2024-12-12,Cafe,25880.0,EXPENSE,Makan & Minum,Gopay
2024-12-12,Cafe,63152.0,EXPENSE,Makan & Minum,OVO
2024-12-12,Nongkrong,112856.0,EXPENSE,Hiburan,Gopay
2024-12-13,KFC,23269.0,EXPENSE,Makan & Minum,OVO
2024-12-13,GoFood,54295.0,EXPENSE,Makan & Minum,BCA
2024-12-13,Pertamax,41819.0,EXPENSE,Tagihan,Dompet Tunai
2024-12-14,Pizza,29238.0,EXPENSE,Makan & Minum,Gopay
2024-12-14,Warung Makan,24258.0,EXPENSE,Makan & Minum,Gopay
2024-12-14,Skincare,20917.0,EXPENSE,Belanja,Gopay
2024-12-14,Top Up,6520.0,EXPENSE,Hiburan,Gopay
2024-12-14,Kantin,11967.0,EXPENSE,Makan & Minum,Dompet Tunai
2024-12-14,Starbucks,37564.0,EXPENSE,Makan & Minum,Gopay
2024-12-14,Clubbing,175985.0,EXPENSE,Hiburan,OVO
2024-12-14,Bakmi,26803.0,EXPENSE,Makan & Minum,Dana
2024-12-14,Sushi,25222.0,EXPENSE,Makan & Minum,OVO
2024-12-15,Nasi Bungkus,5750.0,EXPENSE,Makan & Minum,Gopay
2024-12-15,Cafe,70011.0,EXPENSE,Makan & Minum,Dana
2024-12-15,McDonalds,24059.0,EXPENSE,Makan & Minum,BCA
2024-12-15,GrabFood,40557.0,EXPENSE,Makan & Minum,Gopay
2024-12-15,GrabFood,27900.0,EXPENSE,Makan & Minum,Gopay
2024-12-15,Nasi Bungkus,12794.0,EXPENSE,Makan & Minum,Gopay
2024-12-15,Cafe,26369.0,EXPENSE,Makan & Minum,BCA
2024-12-15,Dana Darurat,30620.0,INCOME,Goals,BCA
2024-12-16,Spotify,145827.0,EXPENSE,Hiburan,Gopay
2024-12-16,Starbucks,56203.0,EXPENSE,Makan & Minum,Gopay
2024-12-16,Game Online,133251.0,EXPENSE,Hiburan,BCA
2024-12-16,Grab Motor,10824.0,EXPENSE,Lain-lain,Dompet Tunai
2024-12-16,Kopi Kekinian,33370.0,EXPENSE,Makan & Minum,OVO
2024-12-16,GoFood,21885.0,EXPENSE,Makan & Minum,OVO
2024-12-16,Kopi Kekinian,74457.0,EXPENSE,Makan & Minum,Gopay
2024-12-16,Sushi,34002.0,EXPENSE,Makan & Minum,Dana
2024-12-16,Starbucks,20045.0,EXPENSE,Makan & Minum,Gopay
2024-12-17,Kopi Kekinian,22656.0,EXPENSE,Makan & Minum,BCA
2024-12-17,Starbucks,34650.0,EXPENSE,Makan & Minum,Gopay
2024-12-17,ATM,3632.0,EXPENSE,Lain-lain,Gopay
2024-12-17,Netflix,129633.0,EXPENSE,Hiburan,BCA
2024-12-17,Pizza,28250.0,EXPENSE,Makan & Minum,Gopay
2024-12-17,Kopi Kekinian,19705.0,EXPENSE,Makan & Minum,OVO
2024-12-17,Print Tugas,2593.0,EXPENSE,Lain-lain,Gopay
2024-12-17,Clubbing,194405.0,EXPENSE,Hiburan,Gopay
2024-12-17,Warung Makan,38741.0,EXPENSE,Makan & Minum,Dana
2024-12-18,Kantin,5515.0,EXPENSE,Makan & Minum,BCA
2024-12-18,Kantin,7778.0,EXPENSE,Makan & Minum,Dompet Tunai
2024-12-18,Lazada,90497.0,EXPENSE,Belanja,BCA
2024-12-18,Nasi Padang,76743.0,EXPENSE,Makan & Minum,Gopay
2024-12-18,Cafe,30837.0,EXPENSE,Makan & Minum,OVO
2024-12-18,Kopi Kekinian,24734.0,EXPENSE,Makan & Minum,Gopay
2024-12-18,Pertamax,46119.0,EXPENSE,Tagihan,Dompet Tunai
2024-12-18,Sabun,20817.0,EXPENSE,Belanja,Dompet Tunai
2024-12-19,Kopi Kekinian,31401.0,EXPENSE,Makan & Minum,BCA
2024-12-19,GrabFood,51991.0,EXPENSE,Makan & Minum,OVO
2024-12-19,Kopi Kenangan,26754.0,EXPENSE,Makan & Minum,Gopay
2024-12-19,Bakmi,58075.0,EXPENSE,Makan & Minum,Gopay
2024-12-19,Ongkos,7221.0,EXPENSE,Lain-lain,Dompet Tunai
2024-12-20,Warung Makan,64207.0,EXPENSE,Makan & Minum,BCA
2024-12-20,Pizza,22372.0,EXPENSE,Makan & Minum,OVO
2024-12-20,GrabFood,15669.0,EXPENSE,Makan & Minum,OVO
2024-12-20,Es Teh,14788.0,EXPENSE,Makan & Minum,Gopay
2024-12-20,Mie Instan,7797.0,EXPENSE,Makan & Minum,BCA
2024-12-20,Mie Instan,5104.0,EXPENSE,Makan & Minum,BCA
2024-12-20,Sushi,30644.0,EXPENSE,Makan & Minum,OVO
2024-12-20,Kopi Kenangan,21560.0,EXPENSE,Makan & Minum,Dana
2024-12-20,Bensin,40467.0,EXPENSE,Tagihan,Gopay
2024-12-20,Bakmi,23735.0,EXPENSE,Makan & Minum,BCA
2024-12-21,Top Up ML,178944.0,EXPENSE,Hiburan,BCA
2024-12-21,GoFood,23725.0,EXPENSE,Makan & Minum,BCA
2024-12-21,Nasi Padang,20764.0,EXPENSE,Makan & Minum,Gopay
2024-12-21,Pizza,15216.0,EXPENSE,Makan & Minum,OVO
2024-12-21,GrabFood,26593.0,EXPENSE,Makan & Minum,BCA
2024-12-21,GoFood,60645.0,EXPENSE,Makan & Minum,Dana
2024-12-22,Shopee,25780.0,EXPENSE,Belanja,Gopay
2024-12-22,Karaoke,188162.0,EXPENSE,Hiburan,Dana
2024-12-22,Pizza,20209.0,EXPENSE,Makan & Minum,OVO
2024-12-22,McDonalds,18350.0,EXPENSE,Makan & Minum,OVO
2024-12-22,Kopi Kenangan,20766.0,EXPENSE,Makan & Minum,OVO
2024-12-22,Nasi Padang,61671.0,EXPENSE,Makan & Minum,BCA
2024-12-22,McDonalds,37065.0,EXPENSE,Makan & Minum,OVO
2024-12-23,GoFood,23714.0,EXPENSE,Makan & Minum,OVO
2024-12-23,GoFood,24444.0,EXPENSE,Makan & Minum,Gopay
2024-12-23,Warung Makan,34787.0,EXPENSE,Makan & Minum,Dana
2024-12-23,Bensin,48203.0,EXPENSE,Tagihan,Gopay
2024-12-23,GrabFood,32157.0,EXPENSE,Makan & Minum,OVO
2024-12-23,ATM,5071.0,EXPENSE,Lain-lain,Gopay
2024-12-23,Sepatu,70580.0,EXPENSE,Belanja,OVO
2024-12-23,Konser,150036.0,EXPENSE,Hiburan,Dana
2024-12-23,Bensin,26518.0,EXPENSE,Tagihan,Dompet Tunai
2024-12-24,Kopi Kenangan,79657.0,EXPENSE,Makan & Minum,Dana
2024-12-24,Bakmi,20513.0,EXPENSE,Makan & Minum,BCA
2024-12-24,Fotokopi,11828.0,EXPENSE,Lain-lain,Dompet Tunai
2024-12-24,Nasi Padang,16688.0,EXPENSE,Makan & Minum,OVO
2024-12-24,Gorengan,9905.0,EXPENSE,Makan & Minum,BCA
2024-12-24,Kantin,17723.0,EXPENSE,Makan & Minum,BCA
2024-12-24,Aksesoris,86556.0,EXPENSE,Belanja,Gopay
2024-12-24,Pizza,19759.0,EXPENSE,Makan & Minum,OVO
2024-12-24,Pizza,18083.0,EXPENSE,Makan & Minum,BCA
2024-12-24,Nasi Padang,61190.0,EXPENSE,Makan & Minum,Gopay
2024-12-24,Kantin,5210.0,EXPENSE,Makan & Minum,BCA
2024-12-25,Nasi Bungkus,11451.0,EXPENSE,Makan & Minum,BCA
2024-12-25,McDonalds,50950.0,EXPENSE,Makan & Minum,BCA
2024-12-25,Fotokopi,4732.0,EXPENSE,Lain-lain,Dompet Tunai
2024-12-25,Bensin,33039.0,EXPENSE,Tagihan,Dompet Tunai
2024-12-25,Bakmi,22264.0,EXPENSE,Makan & Minum,Dana
2024-12-25,Kopi Kenangan,65125.0,EXPENSE,Makan & Minum,Gopay
2024-12-26,GoFood,73104.0,EXPENSE,Makan & Minum,Gopay
2024-12-26,Pertamax,22434.0,EXPENSE,Tagihan,Dompet Tunai
2024-12-26,Ongkos,5455.0,EXPENSE,Lain-lain,Gopay
2024-12-26,GoFood,46940.0,EXPENSE,Makan & Minum,Dana
2024-12-26,Warung Nasi,6100.0,EXPENSE,Makan & Minum,Gopay
2024-12-26,Baju,69181.0,EXPENSE,Belanja,BCA
2024-12-26,Bubble Tea,23976.0,EXPENSE,Makan & Minum,OVO
2024-12-26,GrabFood,69811.0,EXPENSE,Makan & Minum,BCA
2024-12-27,Parkir,9051.0,EXPENSE,Lain-lain,Dompet Tunai
2024-12-27,Konser,43360.0,EXPENSE,Hiburan,BCA
2024-12-27,Cafe,30474.0,EXPENSE,Makan & Minum,OVO
2024-12-27,Sushi,23546.0,EXPENSE,Makan & Minum,Gopay
2024-12-27,Kopi Kenangan,78015.0,EXPENSE,Makan & Minum,Gopay
2024-12-27,KFC,24222.0,EXPENSE,Makan & Minum,OVO
2024-12-27,McDonalds,31046.0,EXPENSE,Makan & Minum,OVO
2024-12-28,Bakmi,28996.0,EXPENSE,Makan & Minum,BCA
2024-12-28,Nasi Padang,28322.0,EXPENSE,Makan & Minum,Dana
2024-12-28,Shopee,85694.0,EXPENSE,Belanja,Gopay
2024-12-28,Bakmi,46704.0,EXPENSE,Makan & Minum,BCA
2024-12-29,Kopi Kenangan,45156.0,EXPENSE,Makan & Minum,Gopay
2024-12-29,Nasi Padang,27274.0,EXPENSE,Makan & Minum,BCA
2024-12-29,GrabFood,20038.0,EXPENSE,Makan & Minum,Gopay
2024-12-29,KFC,16138.0,EXPENSE,Makan & Minum,OVO
2024-12-29,Ongkos,3689.0,EXPENSE,Lain-lain,Gopay
2024-12-29,Nasi Padang,28562.0,EXPENSE,Makan & Minum,Gopay
2024-12-29,Bioskop,178848.0,EXPENSE,Hiburan,Gopay
2024-12-29,Sepatu,68425.0,EXPENSE,Belanja,OVO
2024-12-30,Kopi Kenangan,65706.0,EXPENSE,Makan & Minum,BCA
2024-12-30,Baju,102344.0,EXPENSE,Belanja,Dana
2024-12-30,Bioskop,78316.0,EXPENSE,Hiburan,Dana
2024-12-30,Warung Nasi,5212.0,EXPENSE,Makan & Minum,BCA
2024-12-31,Bubble Tea,23540.0,EXPENSE,Makan & Minum,BCA
2024-12-31,GrabFood,37960.0,EXPENSE,Makan & Minum,BCA
2024-12-31,McDonalds,34919.0,EXPENSE,Makan & Minum,BCA
2024-12-31,Bioskop,83924.0,EXPENSE,Hiburan,Gopay
2024-12-31,Grab Motor,3410.0,EXPENSE,Lain-lain,Dompet Tunai
2024-12-31,Bakmi,39902.0,EXPENSE,Makan & Minum,OVO
2024-12-31,Sushi,37022.0,EXPENSE,Makan & Minum,Dana
2024-12-31,Mie Instan,8854.0,EXPENSE,Makan & Minum,Gopay
2024-12-31,Pertamax,44762.0,EXPENSE,Tagihan,Gopay
